LOCATION,INDICATOR,SUBJECT,MEASURE,FREQUENCY,TIME,Value,Country full name
AUS,WAGEGAP,TOT,PC_MENWAGE,A,1975,21.582733,Australia
AUS,WAGEGAP,TOT,PC_MENWAGE,A,1976,20.754717,Australia
AUS,WAGEGAP,TOT,PC_MENWAGE,A,1977,18.390804,Australia
AUS,WAGEGAP,TOT,PC_MENWAGE,A,1978,19.791666,Australia
AUS,WAGEGAP,TOT,PC_MENWAGE,A,1979,20,Australia
AUS,WAGEGAP,TOT,PC_MENWAGE,A,1980,18.75,Australia
AUS,WAGEGAP,TOT,PC_MENWAGE,A,1981,18.253969,Australia
AUS,WAGEGAP,TOT,PC_MENWAGE,A,1982,20.819113,Australia
AUS,WAGEGAP,TOT,PC_MENWAGE,A,1983,19.155844,Australia
AUS,WAGEGAP,TOT,PC_MENWAGE,A,1984,18.674698,Australia
AUS,WAGEGAP,TOT,PC_MENWAGE,A,1985,19.607843,Australia
AUS,WAGEGAP,TOT,PC_MENWAGE,A,1986,18.848167,Australia
AUS,WAGEGAP,TOT,PC_MENWAGE,A,1987,18.518518,Australia
AUS,WAGEGAP,TOT,PC_MENWAGE,A,1988,18.793503,Australia
AUS,WAGEGAP,TOT,PC_MENWAGE,A,1989,18.589743,Australia
AUS,WAGEGAP,TOT,PC_MENWAGE,A,1990,18.181818,Australia
AUS,WAGEGAP,TOT,PC_MENWAGE,A,1991,16.015625,Australia
AUS,WAGEGAP,TOT,PC_MENWAGE,A,1992,14.258555,Australia
AUS,WAGEGAP,TOT,PC_MENWAGE,A,1993,13.224638,Australia
AUS,WAGEGAP,TOT,PC_MENWAGE,A,1994,14.409722,Australia
AUS,WAGEGAP,TOT,PC_MENWAGE,A,1995,14.478114,Australia
AUS,WAGEGAP,TOT,PC_MENWAGE,A,1997,15.254237,Australia
AUS,WAGEGAP,TOT,PC_MENWAGE,A,1998,13.242009,Australia
AUS,WAGEGAP,TOT,PC_MENWAGE,A,1999,14.285714,Australia
AUS,WAGEGAP,TOT,PC_MENWAGE,A,2000,17.200001,Australia
AUS,WAGEGAP,TOT,PC_MENWAGE,A,2001,14.342105,Australia
AUS,WAGEGAP,TOT,PC_MENWAGE,A,2002,15,Australia
AUS,WAGEGAP,TOT,PC_MENWAGE,A,2003,13.043478,Australia
AUS,WAGEGAP,TOT,PC_MENWAGE,A,2004,14.352942,Australia
AUS,WAGEGAP,TOT,PC_MENWAGE,A,2005,15.777778,Australia
AUS,WAGEGAP,TOT,PC_MENWAGE,A,2006,16.666666,Australia
AUS,WAGEGAP,TOT,PC_MENWAGE,A,2007,15.4,Australia
AUS,WAGEGAP,TOT,PC_MENWAGE,A,2008,11.937378,Australia
AUS,WAGEGAP,TOT,PC_MENWAGE,A,2009,16.363636,Australia
AUS,WAGEGAP,TOT,PC_MENWAGE,A,2010,14.042933,Australia
AUS,WAGEGAP,TOT,PC_MENWAGE,A,2011,15.966387,Australia
AUS,WAGEGAP,TOT,PC_MENWAGE,A,2012,13.75,Australia
AUS,WAGEGAP,TOT,PC_MENWAGE,A,2013,18,Australia
AUS,WAGEGAP,TOT,PC_MENWAGE,A,2014,15.384615,Australia
AUT,WAGEGAP,TOT,PC_MENWAGE,A,2000,23.141943,Austria
AUT,WAGEGAP,TOT,PC_MENWAGE,A,2001,22.801817,Austria
AUT,WAGEGAP,TOT,PC_MENWAGE,A,2002,24.489223,Austria
AUT,WAGEGAP,TOT,PC_MENWAGE,A,2003,21.136923,Austria
AUT,WAGEGAP,TOT,PC_MENWAGE,A,2004,22.430792,Austria
AUT,WAGEGAP,TOT,PC_MENWAGE,A,2005,22.032085,Austria
AUT,WAGEGAP,TOT,PC_MENWAGE,A,2006,21.855131,Austria
AUT,WAGEGAP,TOT,PC_MENWAGE,A,2007,21.634275,Austria
AUT,WAGEGAP,TOT,PC_MENWAGE,A,2008,20.91732,Austria
AUT,WAGEGAP,TOT,PC_MENWAGE,A,2009,19.355967,Austria
AUT,WAGEGAP,TOT,PC_MENWAGE,A,2010,19.188862,Austria
AUT,WAGEGAP,TOT,PC_MENWAGE,A,2011,18.550554,Austria
AUT,WAGEGAP,TOT,PC_MENWAGE,A,2012,18.185057,Austria
AUT,WAGEGAP,TOT,PC_MENWAGE,A,2013,18.053211,Austria
AUT,WAGEGAP,TOT,PC_MENWAGE,A,2014,17.728884,Austria
BEL,WAGEGAP,TOT,PC_MENWAGE,A,1999,15.182987,Belgium
BEL,WAGEGAP,TOT,PC_MENWAGE,A,2000,13.599231,Belgium
BEL,WAGEGAP,TOT,PC_MENWAGE,A,2001,13.186813,Belgium
BEL,WAGEGAP,TOT,PC_MENWAGE,A,2002,11.604714,Belgium
BEL,WAGEGAP,TOT,PC_MENWAGE,A,2003,15.205184,Belgium
BEL,WAGEGAP,TOT,PC_MENWAGE,A,2004,11.832061,Belgium
BEL,WAGEGAP,TOT,PC_MENWAGE,A,2005,11.511092,Belgium
BEL,WAGEGAP,TOT,PC_MENWAGE,A,2006,10.253268,Belgium
BEL,WAGEGAP,TOT,PC_MENWAGE,A,2007,9.8736181,Belgium
BEL,WAGEGAP,TOT,PC_MENWAGE,A,2008,8.9157534,Belgium
BEL,WAGEGAP,TOT,PC_MENWAGE,A,2009,7.4804616,Belgium
BEL,WAGEGAP,TOT,PC_MENWAGE,A,2010,7.0437956,Belgium
BEL,WAGEGAP,TOT,PC_MENWAGE,A,2011,5.838109,Belgium
BEL,WAGEGAP,TOT,PC_MENWAGE,A,2012,6.41115,Belgium
BEL,WAGEGAP,TOT,PC_MENWAGE,A,2013,5.9128633,Belgium
BEL,WAGEGAP,TOT,PC_MENWAGE,A,2014,3.299,Belgium
CAN,WAGEGAP,TOT,PC_MENWAGE,A,1997,24.705883,Canada
CAN,WAGEGAP,TOT,PC_MENWAGE,A,1998,24.855492,Canada
CAN,WAGEGAP,TOT,PC_MENWAGE,A,1999,24,Canada
CAN,WAGEGAP,TOT,PC_MENWAGE,A,2000,23.875,Canada
CAN,WAGEGAP,TOT,PC_MENWAGE,A,2001,24.324579,Canada
CAN,WAGEGAP,TOT,PC_MENWAGE,A,2002,24.013159,Canada
CAN,WAGEGAP,TOT,PC_MENWAGE,A,2003,22.50234,Canada
CAN,WAGEGAP,TOT,PC_MENWAGE,A,2004,22.717949,Canada
CAN,WAGEGAP,TOT,PC_MENWAGE,A,2005,21.25,Canada
CAN,WAGEGAP,TOT,PC_MENWAGE,A,2006,21.123322,Canada
CAN,WAGEGAP,TOT,PC_MENWAGE,A,2007,20.808235,Canada
CAN,WAGEGAP,TOT,PC_MENWAGE,A,2008,20.454546,Canada
CAN,WAGEGAP,TOT,PC_MENWAGE,A,2009,20.131868,Canada
CAN,WAGEGAP,TOT,PC_MENWAGE,A,2010,18.97747,Canada
CAN,WAGEGAP,TOT,PC_MENWAGE,A,2011,19.175531,Canada
CAN,WAGEGAP,TOT,PC_MENWAGE,A,2012,19.51123,Canada
CAN,WAGEGAP,TOT,PC_MENWAGE,A,2013,19.303234,Canada
CAN,WAGEGAP,TOT,PC_MENWAGE,A,2014,19.229,Canada
CAN,WAGEGAP,TOT,PC_MENWAGE,A,2015,18.627451,Canada
CZE,WAGEGAP,TOT,PC_MENWAGE,A,1996,18.289856,Czech Republic
CZE,WAGEGAP,TOT,PC_MENWAGE,A,1997,18.429043,Czech Republic
CZE,WAGEGAP,TOT,PC_MENWAGE,A,1999,19.030313,Czech Republic
CZE,WAGEGAP,TOT,PC_MENWAGE,A,2001,16.876621,Czech Republic
CZE,WAGEGAP,TOT,PC_MENWAGE,A,2002,15.950698,Czech Republic
CZE,WAGEGAP,TOT,PC_MENWAGE,A,2003,15.637497,Czech Republic
CZE,WAGEGAP,TOT,PC_MENWAGE,A,2004,16.14682,Czech Republic
CZE,WAGEGAP,TOT,PC_MENWAGE,A,2005,15.93893,Czech Republic
CZE,WAGEGAP,TOT,PC_MENWAGE,A,2006,15.351767,Czech Republic
CZE,WAGEGAP,TOT,PC_MENWAGE,A,2007,16.931532,Czech Republic
CZE,WAGEGAP,TOT,PC_MENWAGE,A,2008,17.87302,Czech Republic
CZE,WAGEGAP,TOT,PC_MENWAGE,A,2009,15.105018,Czech Republic
CZE,WAGEGAP,TOT,PC_MENWAGE,A,2010,15.798503,Czech Republic
CZE,WAGEGAP,TOT,PC_MENWAGE,A,2011,16.329657,Czech Republic
CZE,WAGEGAP,TOT,PC_MENWAGE,A,2012,15.26298,Czech Republic
CZE,WAGEGAP,TOT,PC_MENWAGE,A,2013,15.378836,Czech Republic
CZE,WAGEGAP,TOT,PC_MENWAGE,A,2014,16.25456,Czech Republic
CZE,WAGEGAP,TOT,PC_MENWAGE,A,2015,16.455154,Czech Republic
DNK,WAGEGAP,TOT,PC_MENWAGE,A,2008,10.183549,Denmark
DNK,WAGEGAP,TOT,PC_MENWAGE,A,2009,10.172005,Denmark
DNK,WAGEGAP,TOT,PC_MENWAGE,A,2010,8.8950987,Denmark
DNK,WAGEGAP,TOT,PC_MENWAGE,A,2011,7.9471974,Denmark
DNK,WAGEGAP,TOT,PC_MENWAGE,A,2012,6.999845,Denmark
DNK,WAGEGAP,TOT,PC_MENWAGE,A,2013,6.7689118,Denmark
FIN,WAGEGAP,TOT,PC_MENWAGE,A,1977,27.690401,Finland
FIN,WAGEGAP,TOT,PC_MENWAGE,A,1978,27.088608,Finland
FIN,WAGEGAP,TOT,PC_MENWAGE,A,1979,27.168949,Finland
FIN,WAGEGAP,TOT,PC_MENWAGE,A,1980,26.623819,Finland
FIN,WAGEGAP,TOT,PC_MENWAGE,A,1982,25.961538,Finland
FIN,WAGEGAP,TOT,PC_MENWAGE,A,1983,25.631742,Finland
FIN,WAGEGAP,TOT,PC_MENWAGE,A,1984,23.427042,Finland
FIN,WAGEGAP,TOT,PC_MENWAGE,A,1986,22.53142,Finland
FIN,WAGEGAP,TOT,PC_MENWAGE,A,1987,23.612841,Finland
FIN,WAGEGAP,TOT,PC_MENWAGE,A,1988,23.045794,Finland
FIN,WAGEGAP,TOT,PC_MENWAGE,A,1989,23.559036,Finland
FIN,WAGEGAP,TOT,PC_MENWAGE,A,1990,22.862103,Finland
FIN,WAGEGAP,TOT,PC_MENWAGE,A,1991,21.467747,Finland
FIN,WAGEGAP,TOT,PC_MENWAGE,A,1992,20.284986,Finland
FIN,WAGEGAP,TOT,PC_MENWAGE,A,1993,21.984812,Finland
FIN,WAGEGAP,TOT,PC_MENWAGE,A,1994,23.149578,Finland
FIN,WAGEGAP,TOT,PC_MENWAGE,A,1995,22.402195,Finland
FIN,WAGEGAP,TOT,PC_MENWAGE,A,1996,20.58267,Finland
FIN,WAGEGAP,TOT,PC_MENWAGE,A,1997,21.332012,Finland
FIN,WAGEGAP,TOT,PC_MENWAGE,A,1998,20.800426,Finland
FIN,WAGEGAP,TOT,PC_MENWAGE,A,1999,21.716236,Finland
FIN,WAGEGAP,TOT,PC_MENWAGE,A,2000,20.427488,Finland
FIN,WAGEGAP,TOT,PC_MENWAGE,A,2001,21.239092,Finland
FIN,WAGEGAP,TOT,PC_MENWAGE,A,2002,20.373203,Finland
FIN,WAGEGAP,TOT,PC_MENWAGE,A,2003,20.099257,Finland
FIN,WAGEGAP,TOT,PC_MENWAGE,A,2004,20.015152,Finland
FIN,WAGEGAP,TOT,PC_MENWAGE,A,2005,18.941694,Finland
FIN,WAGEGAP,TOT,PC_MENWAGE,A,2006,19.374794,Finland
FIN,WAGEGAP,TOT,PC_MENWAGE,A,2007,21.376904,Finland
FIN,WAGEGAP,TOT,PC_MENWAGE,A,2008,21.233953,Finland
FIN,WAGEGAP,TOT,PC_MENWAGE,A,2009,19.675673,Finland
FIN,WAGEGAP,TOT,PC_MENWAGE,A,2010,18.876999,Finland
FIN,WAGEGAP,TOT,PC_MENWAGE,A,2011,18.607616,Finland
FIN,WAGEGAP,TOT,PC_MENWAGE,A,2012,18.726074,Finland
FIN,WAGEGAP,TOT,PC_MENWAGE,A,2013,20.178432,Finland
FIN,WAGEGAP,TOT,PC_MENWAGE,A,2014,19.609079,Finland
FRA,WAGEGAP,TOT,PC_MENWAGE,A,1995,14.571465,France
FRA,WAGEGAP,TOT,PC_MENWAGE,A,1996,15.629953,France
FRA,WAGEGAP,TOT,PC_MENWAGE,A,1997,15.3803,France
FRA,WAGEGAP,TOT,PC_MENWAGE,A,1998,14.573853,France
FRA,WAGEGAP,TOT,PC_MENWAGE,A,1999,14.320447,France
FRA,WAGEGAP,TOT,PC_MENWAGE,A,2000,14.57124,France
FRA,WAGEGAP,TOT,PC_MENWAGE,A,2001,15.125461,France
FRA,WAGEGAP,TOT,PC_MENWAGE,A,2002,15.205245,France
FRA,WAGEGAP,TOT,PC_MENWAGE,A,2003,15.144244,France
FRA,WAGEGAP,TOT,PC_MENWAGE,A,2004,14.954294,France
FRA,WAGEGAP,TOT,PC_MENWAGE,A,2005,14.389411,France
FRA,WAGEGAP,TOT,PC_MENWAGE,A,2006,13.977817,France
FRA,WAGEGAP,TOT,PC_MENWAGE,A,2007,13.964794,France
FRA,WAGEGAP,TOT,PC_MENWAGE,A,2008,14.344262,France
FRA,WAGEGAP,TOT,PC_MENWAGE,A,2009,14.031266,France
FRA,WAGEGAP,TOT,PC_MENWAGE,A,2010,14.054337,France
FRA,WAGEGAP,TOT,PC_MENWAGE,A,2011,13.950789,France
FRA,WAGEGAP,TOT,PC_MENWAGE,A,2012,13.672824,France
DEU,WAGEGAP,TOT,PC_MENWAGE,A,1992,27.012686,Germany
DEU,WAGEGAP,TOT,PC_MENWAGE,A,1993,23.391813,Germany
DEU,WAGEGAP,TOT,PC_MENWAGE,A,1994,21.025787,Germany
DEU,WAGEGAP,TOT,PC_MENWAGE,A,1995,19.981585,Germany
DEU,WAGEGAP,TOT,PC_MENWAGE,A,1996,20.892225,Germany
DEU,WAGEGAP,TOT,PC_MENWAGE,A,1997,21.4547,Germany
DEU,WAGEGAP,TOT,PC_MENWAGE,A,1998,21.163851,Germany
DEU,WAGEGAP,TOT,PC_MENWAGE,A,1999,21.047304,Germany
DEU,WAGEGAP,TOT,PC_MENWAGE,A,2000,20.510708,Germany
DEU,WAGEGAP,TOT,PC_MENWAGE,A,2001,19.248508,Germany
DEU,WAGEGAP,TOT,PC_MENWAGE,A,2002,19.135803,Germany
DEU,WAGEGAP,TOT,PC_MENWAGE,A,2003,20.397585,Germany
DEU,WAGEGAP,TOT,PC_MENWAGE,A,2004,22.509352,Germany
DEU,WAGEGAP,TOT,PC_MENWAGE,A,2005,17.302053,Germany
DEU,WAGEGAP,TOT,PC_MENWAGE,A,2006,19.622093,Germany
DEU,WAGEGAP,TOT,PC_MENWAGE,A,2007,17.105263,Germany
DEU,WAGEGAP,TOT,PC_MENWAGE,A,2008,17.442335,Germany
DEU,WAGEGAP,TOT,PC_MENWAGE,A,2009,17.045454,Germany
DEU,WAGEGAP,TOT,PC_MENWAGE,A,2010,16.750813,Germany
DEU,WAGEGAP,TOT,PC_MENWAGE,A,2011,16.666666,Germany
DEU,WAGEGAP,TOT,PC_MENWAGE,A,2012,15.300547,Germany
DEU,WAGEGAP,TOT,PC_MENWAGE,A,2013,13.857142,Germany
DEU,WAGEGAP,TOT,PC_MENWAGE,A,2014,17.079531,Germany
GRC,WAGEGAP,TOT,PC_MENWAGE,A,2004,13.875598,Greece
GRC,WAGEGAP,TOT,PC_MENWAGE,A,2005,16.666666,Greece
GRC,WAGEGAP,TOT,PC_MENWAGE,A,2006,11.87863,Greece
GRC,WAGEGAP,TOT,PC_MENWAGE,A,2007,11.629049,Greece
GRC,WAGEGAP,TOT,PC_MENWAGE,A,2008,9.5237713,Greece
GRC,WAGEGAP,TOT,PC_MENWAGE,A,2009,9.5871658,Greece
GRC,WAGEGAP,TOT,PC_MENWAGE,A,2010,12.172841,Greece
GRC,WAGEGAP,TOT,PC_MENWAGE,A,2011,10.714286,Greece
GRC,WAGEGAP,TOT,PC_MENWAGE,A,2012,6.8528018,Greece
GRC,WAGEGAP,TOT,PC_MENWAGE,A,2013,11.273732,Greece
GRC,WAGEGAP,TOT,PC_MENWAGE,A,2014,9.0909081,Greece
HUN,WAGEGAP,TOT,PC_MENWAGE,A,1989,25.979979,Hungary
HUN,WAGEGAP,TOT,PC_MENWAGE,A,1992,17.391092,Hungary
HUN,WAGEGAP,TOT,PC_MENWAGE,A,1993,7.9486289,Hungary
HUN,WAGEGAP,TOT,PC_MENWAGE,A,1994,15.181054,Hungary
HUN,WAGEGAP,TOT,PC_MENWAGE,A,1995,15.754002,Hungary
HUN,WAGEGAP,TOT,PC_MENWAGE,A,1996,17.775349,Hungary
HUN,WAGEGAP,TOT,PC_MENWAGE,A,1998,15.671893,Hungary
HUN,WAGEGAP,TOT,PC_MENWAGE,A,1999,15.301231,Hungary
HUN,WAGEGAP,TOT,PC_MENWAGE,A,2000,14.098768,Hungary
HUN,WAGEGAP,TOT,PC_MENWAGE,A,2001,13.689781,Hungary
HUN,WAGEGAP,TOT,PC_MENWAGE,A,2002,9.1297121,Hungary
HUN,WAGEGAP,TOT,PC_MENWAGE,A,2003,1.4760045,Hungary
HUN,WAGEGAP,TOT,PC_MENWAGE,A,2004,3.0343738,Hungary
HUN,WAGEGAP,TOT,PC_MENWAGE,A,2005,4.0215263,Hungary
HUN,WAGEGAP,TOT,PC_MENWAGE,A,2006,0.38438705,Hungary
HUN,WAGEGAP,TOT,PC_MENWAGE,A,2007,3.6481061,Hungary
HUN,WAGEGAP,TOT,PC_MENWAGE,A,2008,2.2206545,Hungary
HUN,WAGEGAP,TOT,PC_MENWAGE,A,2009,3.8760881,Hungary
HUN,WAGEGAP,TOT,PC_MENWAGE,A,2010,6.3817124,Hungary
HUN,WAGEGAP,TOT,PC_MENWAGE,A,2011,6.8639054,Hungary
HUN,WAGEGAP,TOT,PC_MENWAGE,A,2012,11.332462,Hungary
HUN,WAGEGAP,TOT,PC_MENWAGE,A,2013,8.7236509,Hungary
HUN,WAGEGAP,TOT,PC_MENWAGE,A,2014,3.7726054,Hungary
HUN,WAGEGAP,TOT,PC_MENWAGE,A,2015,9.5238094,Hungary
ISL,WAGEGAP,TOT,PC_MENWAGE,A,2004,19.225464,Iceland 
ISL,WAGEGAP,TOT,PC_MENWAGE,A,2005,13.199229,Iceland 
ISL,WAGEGAP,TOT,PC_MENWAGE,A,2006,12.400077,Iceland 
ISL,WAGEGAP,TOT,PC_MENWAGE,A,2007,15.89033,Iceland 
ISL,WAGEGAP,TOT,PC_MENWAGE,A,2008,13.328559,Iceland 
ISL,WAGEGAP,TOT,PC_MENWAGE,A,2009,15.977813,Iceland 
ISL,WAGEGAP,TOT,PC_MENWAGE,A,2010,14.314784,Iceland 
ISL,WAGEGAP,TOT,PC_MENWAGE,A,2011,14.079813,Iceland 
ISL,WAGEGAP,TOT,PC_MENWAGE,A,2013,14.527463,Iceland 
ISL,WAGEGAP,TOT,PC_MENWAGE,A,2014,13.59349,Iceland 
IRL,WAGEGAP,TOT,PC_MENWAGE,A,1994,25.182482,Ireland
IRL,WAGEGAP,TOT,PC_MENWAGE,A,1997,21.716667,Ireland
IRL,WAGEGAP,TOT,PC_MENWAGE,A,2000,19.729731,Ireland
IRL,WAGEGAP,TOT,PC_MENWAGE,A,2003,19.702837,Ireland
IRL,WAGEGAP,TOT,PC_MENWAGE,A,2004,18.230301,Ireland
IRL,WAGEGAP,TOT,PC_MENWAGE,A,2005,13.793103,Ireland
IRL,WAGEGAP,TOT,PC_MENWAGE,A,2006,14.411326,Ireland
IRL,WAGEGAP,TOT,PC_MENWAGE,A,2007,17.953447,Ireland
IRL,WAGEGAP,TOT,PC_MENWAGE,A,2008,14.964028,Ireland
IRL,WAGEGAP,TOT,PC_MENWAGE,A,2009,14.887077,Ireland
IRL,WAGEGAP,TOT,PC_MENWAGE,A,2010,12.844729,Ireland
IRL,WAGEGAP,TOT,PC_MENWAGE,A,2011,10.446853,Ireland
IRL,WAGEGAP,TOT,PC_MENWAGE,A,2012,8.3280916,Ireland
IRL,WAGEGAP,TOT,PC_MENWAGE,A,2013,12.769828,Ireland
IRL,WAGEGAP,TOT,PC_MENWAGE,A,2014,15.173429,Ireland
ITA,WAGEGAP,TOT,PC_MENWAGE,A,1986,17.241379,Ireland
ITA,WAGEGAP,TOT,PC_MENWAGE,A,1987,15.625,Ireland
ITA,WAGEGAP,TOT,PC_MENWAGE,A,1989,11.111111,Ireland
ITA,WAGEGAP,TOT,PC_MENWAGE,A,1991,10,Ireland
ITA,WAGEGAP,TOT,PC_MENWAGE,A,1993,11.504425,Ireland
ITA,WAGEGAP,TOT,PC_MENWAGE,A,1995,14.583333,Ireland
ITA,WAGEGAP,TOT,PC_MENWAGE,A,1998,7.6923075,Ireland
ITA,WAGEGAP,TOT,PC_MENWAGE,A,2000,8.5185184,Ireland
ITA,WAGEGAP,TOT,PC_MENWAGE,A,2002,10.344828,Ireland
ITA,WAGEGAP,TOT,PC_MENWAGE,A,2004,6.6666665,Ireland
ITA,WAGEGAP,TOT,PC_MENWAGE,A,2006,7.6923075,Ireland
ITA,WAGEGAP,TOT,PC_MENWAGE,A,2008,11.764706,Ireland
ITA,WAGEGAP,TOT,PC_MENWAGE,A,2010,9.9403353,Ireland
ITA,WAGEGAP,TOT,PC_MENWAGE,A,2012,11.111111,Ireland
ITA,WAGEGAP,TOT,PC_MENWAGE,A,2014,5.5555553,Ireland
JPN,WAGEGAP,TOT,PC_MENWAGE,A,1975,42.389759,Japan
JPN,WAGEGAP,TOT,PC_MENWAGE,A,1976,39.741749,Japan
JPN,WAGEGAP,TOT,PC_MENWAGE,A,1977,40.326797,Japan
JPN,WAGEGAP,TOT,PC_MENWAGE,A,1978,40.565456,Japan
JPN,WAGEGAP,TOT,PC_MENWAGE,A,1979,41.31319,Japan
JPN,WAGEGAP,TOT,PC_MENWAGE,A,1980,41.680305,Japan
JPN,WAGEGAP,TOT,PC_MENWAGE,A,1981,41.956966,Japan
JPN,WAGEGAP,TOT,PC_MENWAGE,A,1982,42.159256,Japan
JPN,WAGEGAP,TOT,PC_MENWAGE,A,1983,41.903408,Japan
JPN,WAGEGAP,TOT,PC_MENWAGE,A,1984,41.934006,Japan
JPN,WAGEGAP,TOT,PC_MENWAGE,A,1985,41.659271,Japan
JPN,WAGEGAP,TOT,PC_MENWAGE,A,1986,41.605526,Japan
JPN,WAGEGAP,TOT,PC_MENWAGE,A,1987,41.226215,Japan
JPN,WAGEGAP,TOT,PC_MENWAGE,A,1988,41.018211,Japan
JPN,WAGEGAP,TOT,PC_MENWAGE,A,1989,40.963375,Japan
JPN,WAGEGAP,TOT,PC_MENWAGE,A,1990,40.598938,Japan
JPN,WAGEGAP,TOT,PC_MENWAGE,A,1991,39.898991,Japan
JPN,WAGEGAP,TOT,PC_MENWAGE,A,1992,38.884995,Japan
JPN,WAGEGAP,TOT,PC_MENWAGE,A,1993,38.450947,Japan
JPN,WAGEGAP,TOT,PC_MENWAGE,A,1994,37.815975,Japan
JPN,WAGEGAP,TOT,PC_MENWAGE,A,1995,37.090302,Japan
JPN,WAGEGAP,TOT,PC_MENWAGE,A,1996,36.847324,Japan
JPN,WAGEGAP,TOT,PC_MENWAGE,A,1997,36.521454,Japan
JPN,WAGEGAP,TOT,PC_MENWAGE,A,1998,35.307667,Japan
JPN,WAGEGAP,TOT,PC_MENWAGE,A,1999,34.550838,Japan
JPN,WAGEGAP,TOT,PC_MENWAGE,A,2000,33.859303,Japan
JPN,WAGEGAP,TOT,PC_MENWAGE,A,2001,33.86467,Japan
JPN,WAGEGAP,TOT,PC_MENWAGE,A,2002,32.529724,Japan
JPN,WAGEGAP,TOT,PC_MENWAGE,A,2003,31.997351,Japan
JPN,WAGEGAP,TOT,PC_MENWAGE,A,2004,31.087391,Japan
JPN,WAGEGAP,TOT,PC_MENWAGE,A,2005,32.825439,Japan
JPN,WAGEGAP,TOT,PC_MENWAGE,A,2006,32.980831,Japan
JPN,WAGEGAP,TOT,PC_MENWAGE,A,2007,31.742323,Japan
JPN,WAGEGAP,TOT,PC_MENWAGE,A,2008,30.694397,Japan
JPN,WAGEGAP,TOT,PC_MENWAGE,A,2009,28.284924,Japan
JPN,WAGEGAP,TOT,PC_MENWAGE,A,2010,28.684301,Japan
JPN,WAGEGAP,TOT,PC_MENWAGE,A,2011,27.395365,Japan
JPN,WAGEGAP,TOT,PC_MENWAGE,A,2012,26.523546,Japan
JPN,WAGEGAP,TOT,PC_MENWAGE,A,2013,26.587578,Japan
JPN,WAGEGAP,TOT,PC_MENWAGE,A,2014,25.870991,Japan
KOR,WAGEGAP,TOT,PC_MENWAGE,A,1985,52.776234,Korea
KOR,WAGEGAP,TOT,PC_MENWAGE,A,1992,46.965488,Korea
KOR,WAGEGAP,TOT,PC_MENWAGE,A,1993,47.260319,Korea
KOR,WAGEGAP,TOT,PC_MENWAGE,A,1994,45.506378,Korea
KOR,WAGEGAP,TOT,PC_MENWAGE,A,1995,44.182205,Korea
KOR,WAGEGAP,TOT,PC_MENWAGE,A,1996,43.28278,Korea
KOR,WAGEGAP,TOT,PC_MENWAGE,A,1997,42.215485,Korea
KOR,WAGEGAP,TOT,PC_MENWAGE,A,1998,42.021843,Korea
KOR,WAGEGAP,TOT,PC_MENWAGE,A,1999,41.803398,Korea
KOR,WAGEGAP,TOT,PC_MENWAGE,A,2000,41.654354,Korea
KOR,WAGEGAP,TOT,PC_MENWAGE,A,2001,40.416142,Korea
KOR,WAGEGAP,TOT,PC_MENWAGE,A,2002,41.028511,Korea
KOR,WAGEGAP,TOT,PC_MENWAGE,A,2003,40.083153,Korea
KOR,WAGEGAP,TOT,PC_MENWAGE,A,2004,39.623547,Korea
KOR,WAGEGAP,TOT,PC_MENWAGE,A,2005,39.616631,Korea
KOR,WAGEGAP,TOT,PC_MENWAGE,A,2006,39.774143,Korea
KOR,WAGEGAP,TOT,PC_MENWAGE,A,2007,38.162064,Korea
KOR,WAGEGAP,TOT,PC_MENWAGE,A,2008,39.037441,Korea
KOR,WAGEGAP,TOT,PC_MENWAGE,A,2009,38.614681,Korea
KOR,WAGEGAP,TOT,PC_MENWAGE,A,2010,39.605858,Korea
KOR,WAGEGAP,TOT,PC_MENWAGE,A,2011,36.564228,Korea
KOR,WAGEGAP,TOT,PC_MENWAGE,A,2012,36.298531,Korea
KOR,WAGEGAP,TOT,PC_MENWAGE,A,2013,36.599636,Korea
KOR,WAGEGAP,TOT,PC_MENWAGE,A,2014,36.653175,Korea
LUX,WAGEGAP,TOT,PC_MENWAGE,A,2002,15.50058,Mexico
LUX,WAGEGAP,TOT,PC_MENWAGE,A,2006,8.1961594,Mexico
LUX,WAGEGAP,TOT,PC_MENWAGE,A,2010,4.9682708,Mexico
NLD,WAGEGAP,TOT,PC_MENWAGE,A,2002,15.145228,
NLD,WAGEGAP,TOT,PC_MENWAGE,A,2006,15.888616,
NLD,WAGEGAP,TOT,PC_MENWAGE,A,2010,18.597561,
NZL,WAGEGAP,TOT,PC_MENWAGE,A,1984,21.474653,New Zealand
NZL,WAGEGAP,TOT,PC_MENWAGE,A,1986,23.014999,New Zealand
NZL,WAGEGAP,TOT,PC_MENWAGE,A,1988,20.289234,New Zealand
NZL,WAGEGAP,TOT,PC_MENWAGE,A,1990,17.111124,New Zealand
NZL,WAGEGAP,TOT,PC_MENWAGE,A,1992,15.571565,New Zealand
NZL,WAGEGAP,TOT,PC_MENWAGE,A,1994,13.302432,New Zealand
NZL,WAGEGAP,TOT,PC_MENWAGE,A,1995,13.68283,New Zealand
NZL,WAGEGAP,TOT,PC_MENWAGE,A,1996,20.394886,New Zealand
NZL,WAGEGAP,TOT,PC_MENWAGE,A,1997,12.709497,New Zealand
NZL,WAGEGAP,TOT,PC_MENWAGE,A,1998,11.4,New Zealand
NZL,WAGEGAP,TOT,PC_MENWAGE,A,1999,8.333333,New Zealand
NZL,WAGEGAP,TOT,PC_MENWAGE,A,2000,7.1665559,New Zealand
NZL,WAGEGAP,TOT,PC_MENWAGE,A,2001,8.0562658,New Zealand
NZL,WAGEGAP,TOT,PC_MENWAGE,A,2002,7.3125,New Zealand
NZL,WAGEGAP,TOT,PC_MENWAGE,A,2003,7.6923075,New Zealand
NZL,WAGEGAP,TOT,PC_MENWAGE,A,2004,8.0766993,New Zealand
NZL,WAGEGAP,TOT,PC_MENWAGE,A,2005,9.6111107,New Zealand
NZL,WAGEGAP,TOT,PC_MENWAGE,A,2006,9.333333,New Zealand
NZL,WAGEGAP,TOT,PC_MENWAGE,A,2007,7.1428571,New Zealand
NZL,WAGEGAP,TOT,PC_MENWAGE,A,2008,8.0536909,New Zealand
NZL,WAGEGAP,TOT,PC_MENWAGE,A,2009,8.7591238,New Zealand
NZL,WAGEGAP,TOT,PC_MENWAGE,A,2010,7.0112362,New Zealand
NZL,WAGEGAP,TOT,PC_MENWAGE,A,2011,4.5333333,New Zealand
NZL,WAGEGAP,TOT,PC_MENWAGE,A,2012,5.9079061,New Zealand
NZL,WAGEGAP,TOT,PC_MENWAGE,A,2013,6.5943236,New Zealand
NZL,WAGEGAP,TOT,PC_MENWAGE,A,2014,6.0833335,New Zealand
NOR,WAGEGAP,TOT,PC_MENWAGE,A,1997,10.066472,Norway
NOR,WAGEGAP,TOT,PC_MENWAGE,A,1998,10.080347,Norway
NOR,WAGEGAP,TOT,PC_MENWAGE,A,1999,10.140724,Norway
NOR,WAGEGAP,TOT,PC_MENWAGE,A,2000,10.188542,Norway
NOR,WAGEGAP,TOT,PC_MENWAGE,A,2001,10.742867,Norway
NOR,WAGEGAP,TOT,PC_MENWAGE,A,2002,10.681874,Norway
NOR,WAGEGAP,TOT,PC_MENWAGE,A,2003,10.211701,Norway
NOR,WAGEGAP,TOT,PC_MENWAGE,A,2004,9.7057924,Norway
NOR,WAGEGAP,TOT,PC_MENWAGE,A,2005,9.3885164,Norway
NOR,WAGEGAP,TOT,PC_MENWAGE,A,2006,9.1624346,Norway
NOR,WAGEGAP,TOT,PC_MENWAGE,A,2007,9.8311481,Norway
NOR,WAGEGAP,TOT,PC_MENWAGE,A,2008,9.2356691,Norway
NOR,WAGEGAP,TOT,PC_MENWAGE,A,2009,8.6687307,Norway
NOR,WAGEGAP,TOT,PC_MENWAGE,A,2010,8.0597019,Norway
NOR,WAGEGAP,TOT,PC_MENWAGE,A,2011,7.7809796,Norway
NOR,WAGEGAP,TOT,PC_MENWAGE,A,2012,6.4066854,Norway
NOR,WAGEGAP,TOT,PC_MENWAGE,A,2013,7.0080862,Norway
NOR,WAGEGAP,TOT,PC_MENWAGE,A,2014,6.2827225,Norway
NOR,WAGEGAP,TOT,PC_MENWAGE,A,2015,7.1246819,Norway
POL,WAGEGAP,TOT,PC_MENWAGE,A,1991,20.148817,Poland
POL,WAGEGAP,TOT,PC_MENWAGE,A,1992,17.247705,Poland
POL,WAGEGAP,TOT,PC_MENWAGE,A,1993,20.028667,Poland
POL,WAGEGAP,TOT,PC_MENWAGE,A,1994,18.853945,Poland
POL,WAGEGAP,TOT,PC_MENWAGE,A,1995,20.104614,Poland
POL,WAGEGAP,TOT,PC_MENWAGE,A,1996,20.465694,Poland
POL,WAGEGAP,TOT,PC_MENWAGE,A,1997,18.568771,Poland
POL,WAGEGAP,TOT,PC_MENWAGE,A,1998,19.107622,Poland
POL,WAGEGAP,TOT,PC_MENWAGE,A,1999,17.55932,Poland
POL,WAGEGAP,TOT,PC_MENWAGE,A,2001,14.299743,Poland
POL,WAGEGAP,TOT,PC_MENWAGE,A,2002,11.315955,Poland
POL,WAGEGAP,TOT,PC_MENWAGE,A,2004,10.638849,Poland
POL,WAGEGAP,TOT,PC_MENWAGE,A,2006,11.44042,Poland
POL,WAGEGAP,TOT,PC_MENWAGE,A,2008,12.993822,Poland
POL,WAGEGAP,TOT,PC_MENWAGE,A,2010,7.190207,Poland
POL,WAGEGAP,TOT,PC_MENWAGE,A,2012,10.620155,Poland
POL,WAGEGAP,TOT,PC_MENWAGE,A,2014,11.072863,Poland
PRT,WAGEGAP,TOT,PC_MENWAGE,A,2004,13.030304,Portugal
PRT,WAGEGAP,TOT,PC_MENWAGE,A,2005,15.966388,Portugal
PRT,WAGEGAP,TOT,PC_MENWAGE,A,2006,14.354839,Portugal
PRT,WAGEGAP,TOT,PC_MENWAGE,A,2007,15.27778,Portugal
PRT,WAGEGAP,TOT,PC_MENWAGE,A,2008,15.635483,Portugal
PRT,WAGEGAP,TOT,PC_MENWAGE,A,2009,13.7925,Portugal
PRT,WAGEGAP,TOT,PC_MENWAGE,A,2010,13.450867,Portugal
PRT,WAGEGAP,TOT,PC_MENWAGE,A,2011,15.248123,Portugal
PRT,WAGEGAP,TOT,PC_MENWAGE,A,2012,16.315466,Portugal
PRT,WAGEGAP,TOT,PC_MENWAGE,A,2013,16.666666,Portugal
PRT,WAGEGAP,TOT,PC_MENWAGE,A,2014,18.879688,Portugal
SVK,WAGEGAP,TOT,PC_MENWAGE,A,2002,20.355162,Slovak Republic
SVK,WAGEGAP,TOT,PC_MENWAGE,A,2003,20.689655,Slovak Republic
SVK,WAGEGAP,TOT,PC_MENWAGE,A,2004,20.883766,Slovak Republic
SVK,WAGEGAP,TOT,PC_MENWAGE,A,2005,20.099257,Slovak Republic
SVK,WAGEGAP,TOT,PC_MENWAGE,A,2006,17.802769,Slovak Republic
SVK,WAGEGAP,TOT,PC_MENWAGE,A,2007,17.521706,Slovak Republic
SVK,WAGEGAP,TOT,PC_MENWAGE,A,2008,16.444769,Slovak Republic
SVK,WAGEGAP,TOT,PC_MENWAGE,A,2009,16.432722,Slovak Republic
SVK,WAGEGAP,TOT,PC_MENWAGE,A,2010,14.851118,Slovak Republic
SVK,WAGEGAP,TOT,PC_MENWAGE,A,2011,15.449857,Slovak Republic
SVK,WAGEGAP,TOT,PC_MENWAGE,A,2012,15.965269,Slovak Republic
SVK,WAGEGAP,TOT,PC_MENWAGE,A,2013,14.10933,Slovak Republic
SVK,WAGEGAP,TOT,PC_MENWAGE,A,2014,14.350047,Slovak Republic
SVK,WAGEGAP,TOT,PC_MENWAGE,A,2015,13.376625,Slovak Republic
ESP,WAGEGAP,TOT,PC_MENWAGE,A,2004,12.570706,Spain
ESP,WAGEGAP,TOT,PC_MENWAGE,A,2005,12.5,Spain
ESP,WAGEGAP,TOT,PC_MENWAGE,A,2006,10.372225,Spain
ESP,WAGEGAP,TOT,PC_MENWAGE,A,2007,8.8893337,Spain
ESP,WAGEGAP,TOT,PC_MENWAGE,A,2008,11.797639,Spain
ESP,WAGEGAP,TOT,PC_MENWAGE,A,2009,7.3026009,Spain
ESP,WAGEGAP,TOT,PC_MENWAGE,A,2010,6.5850592,Spain
ESP,WAGEGAP,TOT,PC_MENWAGE,A,2011,8.2663479,Spain
ESP,WAGEGAP,TOT,PC_MENWAGE,A,2012,8.6476269,Spain
SWE,WAGEGAP,TOT,PC_MENWAGE,A,1975,18.269617,Sweden
SWE,WAGEGAP,TOT,PC_MENWAGE,A,1978,16.553919,Sweden
SWE,WAGEGAP,TOT,PC_MENWAGE,A,1980,12.765073,Sweden
SWE,WAGEGAP,TOT,PC_MENWAGE,A,1981,15.202703,Sweden
SWE,WAGEGAP,TOT,PC_MENWAGE,A,1982,13.591398,Sweden
SWE,WAGEGAP,TOT,PC_MENWAGE,A,1983,14.532872,Sweden
SWE,WAGEGAP,TOT,PC_MENWAGE,A,1984,15.86354,Sweden
SWE,WAGEGAP,TOT,PC_MENWAGE,A,1985,16.680815,Sweden
SWE,WAGEGAP,TOT,PC_MENWAGE,A,1986,15.080346,Sweden
SWE,WAGEGAP,TOT,PC_MENWAGE,A,1987,14.660743,Sweden
SWE,WAGEGAP,TOT,PC_MENWAGE,A,1988,17.522541,Sweden
SWE,WAGEGAP,TOT,PC_MENWAGE,A,1989,19.572554,Sweden
SWE,WAGEGAP,TOT,PC_MENWAGE,A,1990,19.037199,Sweden
SWE,WAGEGAP,TOT,PC_MENWAGE,A,1991,19.277567,Sweden
SWE,WAGEGAP,TOT,PC_MENWAGE,A,1992,19.042189,Sweden
SWE,WAGEGAP,TOT,PC_MENWAGE,A,1993,18.747599,Sweden
SWE,WAGEGAP,TOT,PC_MENWAGE,A,1994,17.230886,Sweden
SWE,WAGEGAP,TOT,PC_MENWAGE,A,1995,18.776291,Sweden
SWE,WAGEGAP,TOT,PC_MENWAGE,A,1996,16.385012,Sweden
SWE,WAGEGAP,TOT,PC_MENWAGE,A,1997,16.725979,Sweden
SWE,WAGEGAP,TOT,PC_MENWAGE,A,1998,16.958462,Sweden
SWE,WAGEGAP,TOT,PC_MENWAGE,A,1999,16.845638,Sweden
SWE,WAGEGAP,TOT,PC_MENWAGE,A,2000,15.495732,Sweden
SWE,WAGEGAP,TOT,PC_MENWAGE,A,2001,16.591496,Sweden
SWE,WAGEGAP,TOT,PC_MENWAGE,A,2002,15.857913,Sweden
SWE,WAGEGAP,TOT,PC_MENWAGE,A,2003,16.005081,Sweden
SWE,WAGEGAP,TOT,PC_MENWAGE,A,2004,15.320592,Sweden
SWE,WAGEGAP,TOT,PC_MENWAGE,A,2005,14.444112,Sweden
SWE,WAGEGAP,TOT,PC_MENWAGE,A,2006,14.589486,Sweden
SWE,WAGEGAP,TOT,PC_MENWAGE,A,2007,16.363636,Sweden
SWE,WAGEGAP,TOT,PC_MENWAGE,A,2008,15.389049,Sweden
SWE,WAGEGAP,TOT,PC_MENWAGE,A,2009,14.917437,Sweden
SWE,WAGEGAP,TOT,PC_MENWAGE,A,2010,14.32126,Sweden
SWE,WAGEGAP,TOT,PC_MENWAGE,A,2011,15.934516,Sweden
SWE,WAGEGAP,TOT,PC_MENWAGE,A,2012,15.13587,Sweden
SWE,WAGEGAP,TOT,PC_MENWAGE,A,2013,13.420491,Sweden
CHE,WAGEGAP,TOT,PC_MENWAGE,A,1996,25.47,Switzerland
CHE,WAGEGAP,TOT,PC_MENWAGE,A,1998,24.12,Switzerland
CHE,WAGEGAP,TOT,PC_MENWAGE,A,2000,23.79,Switzerland
CHE,WAGEGAP,TOT,PC_MENWAGE,A,2002,22.8,Switzerland
CHE,WAGEGAP,TOT,PC_MENWAGE,A,2004,22.01,Switzerland
CHE,WAGEGAP,TOT,PC_MENWAGE,A,2006,21.32,Switzerland
CHE,WAGEGAP,TOT,PC_MENWAGE,A,2008,21.31,Switzerland
CHE,WAGEGAP,TOT,PC_MENWAGE,A,2010,20.05,Switzerland
CHE,WAGEGAP,TOT,PC_MENWAGE,A,2012,19.34,Switzerland
CHE,WAGEGAP,TOT,PC_MENWAGE,A,2014,16.94,Switzerland
TUR,WAGEGAP,TOT,PC_MENWAGE,A,2010,20.064724,Turkey
GBR,WAGEGAP,TOT,PC_MENWAGE,A,1970,47.578041,United Kingdom
GBR,WAGEGAP,TOT,PC_MENWAGE,A,1971,45.527424,United Kingdom
GBR,WAGEGAP,TOT,PC_MENWAGE,A,1972,45.677795,United Kingdom
GBR,WAGEGAP,TOT,PC_MENWAGE,A,1973,46.378727,United Kingdom
GBR,WAGEGAP,TOT,PC_MENWAGE,A,1974,44.422234,United Kingdom
GBR,WAGEGAP,TOT,PC_MENWAGE,A,1975,39.855415,United Kingdom
GBR,WAGEGAP,TOT,PC_MENWAGE,A,1976,36.550301,United Kingdom
GBR,WAGEGAP,TOT,PC_MENWAGE,A,1977,35.788368,United Kingdom
GBR,WAGEGAP,TOT,PC_MENWAGE,A,1978,37.474869,United Kingdom
GBR,WAGEGAP,TOT,PC_MENWAGE,A,1979,38.295238,United Kingdom
GBR,WAGEGAP,TOT,PC_MENWAGE,A,1980,36.688587,United Kingdom
GBR,WAGEGAP,TOT,PC_MENWAGE,A,1981,35.426811,United Kingdom
GBR,WAGEGAP,TOT,PC_MENWAGE,A,1982,35.659618,United Kingdom
GBR,WAGEGAP,TOT,PC_MENWAGE,A,1983,34.567284,United Kingdom
GBR,WAGEGAP,TOT,PC_MENWAGE,A,1984,35.081528,United Kingdom
GBR,WAGEGAP,TOT,PC_MENWAGE,A,1985,35.120113,United Kingdom
GBR,WAGEGAP,TOT,PC_MENWAGE,A,1986,34.938507,United Kingdom
GBR,WAGEGAP,TOT,PC_MENWAGE,A,1987,34.512955,United Kingdom
GBR,WAGEGAP,TOT,PC_MENWAGE,A,1988,34.045731,United Kingdom
GBR,WAGEGAP,TOT,PC_MENWAGE,A,1989,33.730659,United Kingdom
GBR,WAGEGAP,TOT,PC_MENWAGE,A,1990,32.744957,United Kingdom
GBR,WAGEGAP,TOT,PC_MENWAGE,A,1991,31.075478,United Kingdom
GBR,WAGEGAP,TOT,PC_MENWAGE,A,1992,29.94668,United Kingdom
GBR,WAGEGAP,TOT,PC_MENWAGE,A,1993,28.719019,United Kingdom
GBR,WAGEGAP,TOT,PC_MENWAGE,A,1994,28.079718,United Kingdom
GBR,WAGEGAP,TOT,PC_MENWAGE,A,1995,28.192835,United Kingdom
GBR,WAGEGAP,TOT,PC_MENWAGE,A,1996,27.21841,United Kingdom
GBR,WAGEGAP,TOT,PC_MENWAGE,A,1997,26.919069,United Kingdom
GBR,WAGEGAP,TOT,PC_MENWAGE,A,1998,27.035294,United Kingdom
GBR,WAGEGAP,TOT,PC_MENWAGE,A,1999,26.089729,United Kingdom
GBR,WAGEGAP,TOT,PC_MENWAGE,A,2000,26.280313,United Kingdom
GBR,WAGEGAP,TOT,PC_MENWAGE,A,2001,25.639647,United Kingdom
GBR,WAGEGAP,TOT,PC_MENWAGE,A,2002,24.379099,United Kingdom
GBR,WAGEGAP,TOT,PC_MENWAGE,A,2003,24.124468,United Kingdom
GBR,WAGEGAP,TOT,PC_MENWAGE,A,2004,23.358742,United Kingdom
GBR,WAGEGAP,TOT,PC_MENWAGE,A,2005,22.063959,United Kingdom
GBR,WAGEGAP,TOT,PC_MENWAGE,A,2006,21.718084,United Kingdom
GBR,WAGEGAP,TOT,PC_MENWAGE,A,2007,21.634781,United Kingdom
GBR,WAGEGAP,TOT,PC_MENWAGE,A,2008,21.857868,United Kingdom
GBR,WAGEGAP,TOT,PC_MENWAGE,A,2009,20.686296,United Kingdom
GBR,WAGEGAP,TOT,PC_MENWAGE,A,2010,19.231438,United Kingdom
GBR,WAGEGAP,TOT,PC_MENWAGE,A,2011,18.246006,United Kingdom
GBR,WAGEGAP,TOT,PC_MENWAGE,A,2012,17.783882,United Kingdom
GBR,WAGEGAP,TOT,PC_MENWAGE,A,2013,17.482014,United Kingdom
GBR,WAGEGAP,TOT,PC_MENWAGE,A,2014,17.382742,United Kingdom
GBR,WAGEGAP,TOT,PC_MENWAGE,A,2015,16.925247,United Kingdom
USA,WAGEGAP,TOT,PC_MENWAGE,A,1973,38.110405,United States
USA,WAGEGAP,TOT,PC_MENWAGE,A,1974,39.100685,United States
USA,WAGEGAP,TOT,PC_MENWAGE,A,1975,37.630032,United States
USA,WAGEGAP,TOT,PC_MENWAGE,A,1976,37.755974,United States
USA,WAGEGAP,TOT,PC_MENWAGE,A,1977,38.224854,United States
USA,WAGEGAP,TOT,PC_MENWAGE,A,1978,38.972477,United States
USA,WAGEGAP,TOT,PC_MENWAGE,A,1979,37.641949,United States
USA,WAGEGAP,TOT,PC_MENWAGE,A,1980,36.552151,United States
USA,WAGEGAP,TOT,PC_MENWAGE,A,1981,35.174,United States
USA,WAGEGAP,TOT,PC_MENWAGE,A,1982,34.724091,United States
USA,WAGEGAP,TOT,PC_MENWAGE,A,1983,34.286449,United States
USA,WAGEGAP,TOT,PC_MENWAGE,A,1984,33.432171,United States
USA,WAGEGAP,TOT,PC_MENWAGE,A,1985,32.978218,United States
USA,WAGEGAP,TOT,PC_MENWAGE,A,1986,32.190216,United States
USA,WAGEGAP,TOT,PC_MENWAGE,A,1987,31.022223,United States
USA,WAGEGAP,TOT,PC_MENWAGE,A,1988,30.069174,United States
USA,WAGEGAP,TOT,PC_MENWAGE,A,1989,29.363579,United States
USA,WAGEGAP,TOT,PC_MENWAGE,A,1990,28.45545,United States
USA,WAGEGAP,TOT,PC_MENWAGE,A,1991,26.571093,United States
USA,WAGEGAP,TOT,PC_MENWAGE,A,1992,25.057737,United States
USA,WAGEGAP,TOT,PC_MENWAGE,A,1993,23.876404,United States
USA,WAGEGAP,TOT,PC_MENWAGE,A,1994,23.884514,United States
USA,WAGEGAP,TOT,PC_MENWAGE,A,1995,24.579985,United States
USA,WAGEGAP,TOT,PC_MENWAGE,A,1996,23.823948,United States
USA,WAGEGAP,TOT,PC_MENWAGE,A,1997,23.786491,United States
USA,WAGEGAP,TOT,PC_MENWAGE,A,1998,23.745819,United States
USA,WAGEGAP,TOT,PC_MENWAGE,A,1999,23.462784,United States
USA,WAGEGAP,TOT,PC_MENWAGE,A,2000,23.088924,United States
USA,WAGEGAP,TOT,PC_MENWAGE,A,2001,23.58209,United States
USA,WAGEGAP,TOT,PC_MENWAGE,A,2002,22.091311,United States
USA,WAGEGAP,TOT,PC_MENWAGE,A,2003,20.575539,United States
USA,WAGEGAP,TOT,PC_MENWAGE,A,2004,19.635344,United States
USA,WAGEGAP,TOT,PC_MENWAGE,A,2005,18.975069,United States
USA,WAGEGAP,TOT,PC_MENWAGE,A,2006,19.2463,United States
USA,WAGEGAP,TOT,PC_MENWAGE,A,2007,19.843342,United States
USA,WAGEGAP,TOT,PC_MENWAGE,A,2008,20.050125,United States
USA,WAGEGAP,TOT,PC_MENWAGE,A,2009,19.78022,United States
USA,WAGEGAP,TOT,PC_MENWAGE,A,2010,18.81068,United States
USA,WAGEGAP,TOT,PC_MENWAGE,A,2011,17.788462,United States
USA,WAGEGAP,TOT,PC_MENWAGE,A,2012,19.086651,United States
USA,WAGEGAP,TOT,PC_MENWAGE,A,2013,17.906977,United States
USA,WAGEGAP,TOT,PC_MENWAGE,A,2014,17.451206,United States
USA,WAGEGAP,TOT,PC_MENWAGE,A,2015,18.882681,United States
CHL,WAGEGAP,TOT,PC_MENWAGE,A,2006,3.9584157,Chile
CHL,WAGEGAP,TOT,PC_MENWAGE,A,2009,9.090909,Chile
CHL,WAGEGAP,TOT,PC_MENWAGE,A,2011,16,Chile
CHL,WAGEGAP,TOT,PC_MENWAGE,A,2013,16.666666,Chile
EST,WAGEGAP,TOT,PC_MENWAGE,A,2002,24.045801,Estonia
EST,WAGEGAP,TOT,PC_MENWAGE,A,2006,28.121601,Estonia
EST,WAGEGAP,TOT,PC_MENWAGE,A,2010,26.601547,Estonia
ISR,WAGEGAP,TOT,PC_MENWAGE,A,2001,28.1035,Israel
ISR,WAGEGAP,TOT,PC_MENWAGE,A,2002,24.520096,Israel
ISR,WAGEGAP,TOT,PC_MENWAGE,A,2003,24.614925,Israel
ISR,WAGEGAP,TOT,PC_MENWAGE,A,2004,25.461952,Israel
ISR,WAGEGAP,TOT,PC_MENWAGE,A,2005,22.351538,Israel
ISR,WAGEGAP,TOT,PC_MENWAGE,A,2006,22.015915,Israel
ISR,WAGEGAP,TOT,PC_MENWAGE,A,2007,21.16065,Israel
ISR,WAGEGAP,TOT,PC_MENWAGE,A,2008,22.026011,Israel
ISR,WAGEGAP,TOT,PC_MENWAGE,A,2009,20.268637,Israel
ISR,WAGEGAP,TOT,PC_MENWAGE,A,2010,20.700092,Israel
ISR,WAGEGAP,TOT,PC_MENWAGE,A,2011,21.827412,Israel
SVN,WAGEGAP,TOT,PC_MENWAGE,A,2010,11.633663,Slovak Republic
MEX,WAGEGAP,TOT,PC_MENWAGE,A,2005,16.666666,Mexico
MEX,WAGEGAP,TOT,PC_MENWAGE,A,2006,18.60465,Mexico
MEX,WAGEGAP,TOT,PC_MENWAGE,A,2007,12.5,Mexico
MEX,WAGEGAP,TOT,PC_MENWAGE,A,2008,22.222221,Mexico
MEX,WAGEGAP,TOT,PC_MENWAGE,A,2009,16.666666,Mexico
MEX,WAGEGAP,TOT,PC_MENWAGE,A,2010,11.627907,Mexico
MEX,WAGEGAP,TOT,PC_MENWAGE,A,2011,10,Mexico
MEX,WAGEGAP,TOT,PC_MENWAGE,A,2012,13.555555,Mexico
MEX,WAGEGAP,TOT,PC_MENWAGE,A,2013,15.433404,Mexico
MEX,WAGEGAP,TOT,PC_MENWAGE,A,2014,18.299999,Mexico
MEX,WAGEGAP,TOT,PC_MENWAGE,A,2015,16.666666,Mexico
LVA,WAGEGAP,TOT,PC_MENWAGE,A,2002,19.23077,Latvia
LVA,WAGEGAP,TOT,PC_MENWAGE,A,2006,8.0851068,Latvia
LVA,WAGEGAP,TOT,PC_MENWAGE,A,2010,13.333333,Latvia
LTU,WAGEGAP,TOT,PC_MENWAGE,A,2002,13.0793,Lithiania
LTU,WAGEGAP,TOT,PC_MENWAGE,A,2006,14.234104,Lithiania
LTU,WAGEGAP,TOT,PC_MENWAGE,A,2010,6.9565215,Lithiania
AUT,WAGEGAP,SELFEMPLOYED,PC_MENWAGE,A,2003,51.79602268,Austria
AUT,WAGEGAP,SELFEMPLOYED,PC_MENWAGE,A,2004,49.96607774,Austria
AUT,WAGEGAP,SELFEMPLOYED,PC_MENWAGE,A,2005,49.89719336,Austria
AUT,WAGEGAP,SELFEMPLOYED,PC_MENWAGE,A,2006,47.26453792,Austria
AUT,WAGEGAP,SELFEMPLOYED,PC_MENWAGE,A,2007,48.46805041,Austria
AUT,WAGEGAP,SELFEMPLOYED,PC_MENWAGE,A,2008,48.60410006,Austria
AUT,WAGEGAP,SELFEMPLOYED,PC_MENWAGE,A,2009,46.53011464,Austria
AUT,WAGEGAP,SELFEMPLOYED,PC_MENWAGE,A,2010,45.36215822,Austria
AUT,WAGEGAP,SELFEMPLOYED,PC_MENWAGE,A,2011,44.05811876,Austria
AUT,WAGEGAP,SELFEMPLOYED,PC_MENWAGE,A,2012,45.36815983,Austria
BEL,WAGEGAP,SELFEMPLOYED,PC_MENWAGE,A,2003,42.5675895,Belgium
BEL,WAGEGAP,SELFEMPLOYED,PC_MENWAGE,A,2004,44.53977625,Belgium
BEL,WAGEGAP,SELFEMPLOYED,PC_MENWAGE,A,2005,46.87301087,Belgium
BEL,WAGEGAP,SELFEMPLOYED,PC_MENWAGE,A,2006,45.03698723,Belgium
BEL,WAGEGAP,SELFEMPLOYED,PC_MENWAGE,A,2007,41.82096185,Belgium
BEL,WAGEGAP,SELFEMPLOYED,PC_MENWAGE,A,2008,35.68278956,Belgium
BEL,WAGEGAP,SELFEMPLOYED,PC_MENWAGE,A,2009,32.34275215,Belgium
BEL,WAGEGAP,SELFEMPLOYED,PC_MENWAGE,A,2010,30.24335563,Belgium
BEL,WAGEGAP,SELFEMPLOYED,PC_MENWAGE,A,2011,32.93944622,Belgium
BEL,WAGEGAP,SELFEMPLOYED,PC_MENWAGE,A,2012,33.49684085,Belgium
CAN,WAGEGAP,SELFEMPLOYED,PC_MENWAGE,A,2003,32.65165,Canada
CAN,WAGEGAP,SELFEMPLOYED,PC_MENWAGE,A,2004,33.70625,Canada
CAN,WAGEGAP,SELFEMPLOYED,PC_MENWAGE,A,2005,35.94587,Canada
CAN,WAGEGAP,SELFEMPLOYED,PC_MENWAGE,A,2006,36.8143,Canada
CAN,WAGEGAP,SELFEMPLOYED,PC_MENWAGE,A,2007,38.01716,Canada
CAN,WAGEGAP,SELFEMPLOYED,PC_MENWAGE,A,2008,38.73388,Canada
CAN,WAGEGAP,SELFEMPLOYED,PC_MENWAGE,A,2009,37.17995,Canada
CAN,WAGEGAP,SELFEMPLOYED,PC_MENWAGE,A,2010,38.96919,Canada
CAN,WAGEGAP,SELFEMPLOYED,PC_MENWAGE,A,2011,36.63381857,Canada
CAN,WAGEGAP,SELFEMPLOYED,PC_MENWAGE,A,2012,36.61844755,Canada
CAN,WAGEGAP,SELFEMPLOYED,PC_MENWAGE,A,2013,35.29755132,Canada
CZE,WAGEGAP,SELFEMPLOYED,PC_MENWAGE,A,2004,32.0464184,Czech Republic
CZE,WAGEGAP,SELFEMPLOYED,PC_MENWAGE,A,2005,30.81534391,Czech Republic
CZE,WAGEGAP,SELFEMPLOYED,PC_MENWAGE,A,2006,28.94941412,Czech Republic
CZE,WAGEGAP,SELFEMPLOYED,PC_MENWAGE,A,2007,29.35613378,Czech Republic
CZE,WAGEGAP,SELFEMPLOYED,PC_MENWAGE,A,2008,29.20800835,Czech Republic
CZE,WAGEGAP,SELFEMPLOYED,PC_MENWAGE,A,2009,29.65451098,Czech Republic
CZE,WAGEGAP,SELFEMPLOYED,PC_MENWAGE,A,2010,29.79796172,Czech Republic
CZE,WAGEGAP,SELFEMPLOYED,PC_MENWAGE,A,2011,31.07323228,Czech Republic
CZE,WAGEGAP,SELFEMPLOYED,PC_MENWAGE,A,2012,32.30413537,Czech Republic
DNK,WAGEGAP,SELFEMPLOYED,PC_MENWAGE,A,2003,9.217214746,Denmark
DNK,WAGEGAP,SELFEMPLOYED,PC_MENWAGE,A,2004,6.21395134,Denmark
DNK,WAGEGAP,SELFEMPLOYED,PC_MENWAGE,A,2005,12.36758434,Denmark
DNK,WAGEGAP,SELFEMPLOYED,PC_MENWAGE,A,2006,12.00833273,Denmark
DNK,WAGEGAP,SELFEMPLOYED,PC_MENWAGE,A,2007,17.15911081,Denmark
DNK,WAGEGAP,SELFEMPLOYED,PC_MENWAGE,A,2008,11.08508809,Denmark
DNK,WAGEGAP,SELFEMPLOYED,PC_MENWAGE,A,2009,16.1093247,Denmark
DNK,WAGEGAP,SELFEMPLOYED,PC_MENWAGE,A,2010,17.46692327,Denmark
DNK,WAGEGAP,SELFEMPLOYED,PC_MENWAGE,A,2011,23.65456024,Denmark
DNK,WAGEGAP,SELFEMPLOYED,PC_MENWAGE,A,2012,16.03725497,Denmark
FIN,WAGEGAP,SELFEMPLOYED,PC_MENWAGE,A,2003,32.75015913,Finland
FIN,WAGEGAP,SELFEMPLOYED,PC_MENWAGE,A,2004,35.39674059,Finland
FIN,WAGEGAP,SELFEMPLOYED,PC_MENWAGE,A,2005,41.99132206,Finland
FIN,WAGEGAP,SELFEMPLOYED,PC_MENWAGE,A,2006,39.51994018,Finland
FIN,WAGEGAP,SELFEMPLOYED,PC_MENWAGE,A,2007,39.91036211,Finland
FIN,WAGEGAP,SELFEMPLOYED,PC_MENWAGE,A,2008,36.90219653,Finland
FIN,WAGEGAP,SELFEMPLOYED,PC_MENWAGE,A,2009,35.94008888,Finland
FIN,WAGEGAP,SELFEMPLOYED,PC_MENWAGE,A,2010,33.25018945,Finland
FIN,WAGEGAP,SELFEMPLOYED,PC_MENWAGE,A,2011,34.80308234,Finland
FIN,WAGEGAP,SELFEMPLOYED,PC_MENWAGE,A,2012,35.87558032,Finland
FRA,WAGEGAP,SELFEMPLOYED,PC_MENWAGE,A,2003,37.42921105,France
FRA,WAGEGAP,SELFEMPLOYED,PC_MENWAGE,A,2004,33.92563555,France
FRA,WAGEGAP,SELFEMPLOYED,PC_MENWAGE,A,2005,31.85082266,France
FRA,WAGEGAP,SELFEMPLOYED,PC_MENWAGE,A,2006,32.9347973,France
FRA,WAGEGAP,SELFEMPLOYED,PC_MENWAGE,A,2007,36.22705511,France
FRA,WAGEGAP,SELFEMPLOYED,PC_MENWAGE,A,2008,35.96268102,France
FRA,WAGEGAP,SELFEMPLOYED,PC_MENWAGE,A,2009,31.63295636,France
FRA,WAGEGAP,SELFEMPLOYED,PC_MENWAGE,A,2010,29.94970791,France
FRA,WAGEGAP,SELFEMPLOYED,PC_MENWAGE,A,2011,30.44014333,France
FRA,WAGEGAP,SELFEMPLOYED,PC_MENWAGE,A,2012,31.38424186,France
DEU,WAGEGAP,SELFEMPLOYED,PC_MENWAGE,A,2004,45.44560375,Germany
DEU,WAGEGAP,SELFEMPLOYED,PC_MENWAGE,A,2005,44.65533505,Germany
DEU,WAGEGAP,SELFEMPLOYED,PC_MENWAGE,A,2006,43.40025806,Germany
DEU,WAGEGAP,SELFEMPLOYED,PC_MENWAGE,A,2007,40.48329219,Germany
DEU,WAGEGAP,SELFEMPLOYED,PC_MENWAGE,A,2008,39.66353099,Germany
DEU,WAGEGAP,SELFEMPLOYED,PC_MENWAGE,A,2009,39.00601796,Germany
DEU,WAGEGAP,SELFEMPLOYED,PC_MENWAGE,A,2010,42.64869735,Germany
DEU,WAGEGAP,SELFEMPLOYED,PC_MENWAGE,A,2011,42.9726328,Germany
GRC,WAGEGAP,SELFEMPLOYED,PC_MENWAGE,A,2006,39.18744992,Greece
GRC,WAGEGAP,SELFEMPLOYED,PC_MENWAGE,A,2007,38.11276571,Greece
GRC,WAGEGAP,SELFEMPLOYED,PC_MENWAGE,A,2008,42.14682459,Greece
GRC,WAGEGAP,SELFEMPLOYED,PC_MENWAGE,A,2009,44.00846537,Greece
GRC,WAGEGAP,SELFEMPLOYED,PC_MENWAGE,A,2010,46.31139812,Greece
GRC,WAGEGAP,SELFEMPLOYED,PC_MENWAGE,A,2011,42.38516592,Greece
HUN,WAGEGAP,SELFEMPLOYED,PC_MENWAGE,A,2004,29.2865498,Hungary
HUN,WAGEGAP,SELFEMPLOYED,PC_MENWAGE,A,2005,26.68619931,Hungary
HUN,WAGEGAP,SELFEMPLOYED,PC_MENWAGE,A,2006,26.58702432,Hungary
HUN,WAGEGAP,SELFEMPLOYED,PC_MENWAGE,A,2007,23.90536345,Hungary
HUN,WAGEGAP,SELFEMPLOYED,PC_MENWAGE,A,2008,27.65795042,Hungary
HUN,WAGEGAP,SELFEMPLOYED,PC_MENWAGE,A,2009,32.13243586,Hungary
HUN,WAGEGAP,SELFEMPLOYED,PC_MENWAGE,A,2010,34.46657189,Hungary
HUN,WAGEGAP,SELFEMPLOYED,PC_MENWAGE,A,2011,32.55421026,Hungary
HUN,WAGEGAP,SELFEMPLOYED,PC_MENWAGE,A,2012,31.38773253,Hungary
ISL,WAGEGAP,SELFEMPLOYED,PC_MENWAGE,A,2003,44.34154194,Iceland 
ISL,WAGEGAP,SELFEMPLOYED,PC_MENWAGE,A,2004,40.79682408,Iceland 
ISL,WAGEGAP,SELFEMPLOYED,PC_MENWAGE,A,2005,34.34326261,Iceland 
ISL,WAGEGAP,SELFEMPLOYED,PC_MENWAGE,A,2006,28.2817486,Iceland 
ISL,WAGEGAP,SELFEMPLOYED,PC_MENWAGE,A,2007,24.90111679,Iceland 
ISL,WAGEGAP,SELFEMPLOYED,PC_MENWAGE,A,2008,20.50067541,Iceland 
ISL,WAGEGAP,SELFEMPLOYED,PC_MENWAGE,A,2009,15.90236775,Iceland 
ISL,WAGEGAP,SELFEMPLOYED,PC_MENWAGE,A,2010,11.35181234,Iceland 
ISL,WAGEGAP,SELFEMPLOYED,PC_MENWAGE,A,2011,17.47072312,Iceland 
ISL,WAGEGAP,SELFEMPLOYED,PC_MENWAGE,A,2012,19.39022618,Iceland 
IRL,WAGEGAP,SELFEMPLOYED,PC_MENWAGE,A,2003,25.48211955,Ireland
IRL,WAGEGAP,SELFEMPLOYED,PC_MENWAGE,A,2004,28.41180614,Ireland
IRL,WAGEGAP,SELFEMPLOYED,PC_MENWAGE,A,2005,28.56875109,Ireland
IRL,WAGEGAP,SELFEMPLOYED,PC_MENWAGE,A,2006,33.64665563,Ireland
IRL,WAGEGAP,SELFEMPLOYED,PC_MENWAGE,A,2007,29.9994706,Ireland
IRL,WAGEGAP,SELFEMPLOYED,PC_MENWAGE,A,2008,26.54109015,Ireland
IRL,WAGEGAP,SELFEMPLOYED,PC_MENWAGE,A,2009,19.36637809,Ireland
IRL,WAGEGAP,SELFEMPLOYED,PC_MENWAGE,A,2010,21.43105037,Ireland
IRL,WAGEGAP,SELFEMPLOYED,PC_MENWAGE,A,2011,23.74649501,Ireland
IRL,WAGEGAP,SELFEMPLOYED,PC_MENWAGE,A,2012,25.63796371,Ireland
ITA,WAGEGAP,SELFEMPLOYED,PC_MENWAGE,A,2006,48.01537345,Italy
ITA,WAGEGAP,SELFEMPLOYED,PC_MENWAGE,A,2007,48.11110317,Italy
ITA,WAGEGAP,SELFEMPLOYED,PC_MENWAGE,A,2008,46.70810708,Italy
ITA,WAGEGAP,SELFEMPLOYED,PC_MENWAGE,A,2009,49.46836166,Italy
ITA,WAGEGAP,SELFEMPLOYED,PC_MENWAGE,A,2010,52.69918598,Italy
ITA,WAGEGAP,SELFEMPLOYED,PC_MENWAGE,A,2011,55.529672,Italy
ITA,WAGEGAP,SELFEMPLOYED,PC_MENWAGE,A,2012,55.41043169,Italy
LUX,WAGEGAP,SELFEMPLOYED,PC_MENWAGE,A,2003,46.46174867,Luxembourg
LUX,WAGEGAP,SELFEMPLOYED,PC_MENWAGE,A,2004,45.35271122,Luxembourg
LUX,WAGEGAP,SELFEMPLOYED,PC_MENWAGE,A,2005,37.06575587,Luxembourg
LUX,WAGEGAP,SELFEMPLOYED,PC_MENWAGE,A,2006,42.7744672,Luxembourg
LUX,WAGEGAP,SELFEMPLOYED,PC_MENWAGE,A,2007,45.74539292,Luxembourg
LUX,WAGEGAP,SELFEMPLOYED,PC_MENWAGE,A,2008,44.47560006,Luxembourg
LUX,WAGEGAP,SELFEMPLOYED,PC_MENWAGE,A,2009,36.78249078,Luxembourg
LUX,WAGEGAP,SELFEMPLOYED,PC_MENWAGE,A,2010,25.90634013,Luxembourg
LUX,WAGEGAP,SELFEMPLOYED,PC_MENWAGE,A,2011,22.90960483,Luxembourg
LUX,WAGEGAP,SELFEMPLOYED,PC_MENWAGE,A,2012,20.53765846,Luxembourg
MEX,WAGEGAP,SELFEMPLOYED,PC_MENWAGE,A,2005,51.14848536,Mexico
MEX,WAGEGAP,SELFEMPLOYED,PC_MENWAGE,A,2006,53.7073333,Mexico
MEX,WAGEGAP,SELFEMPLOYED,PC_MENWAGE,A,2007,46.11365496,Mexico
MEX,WAGEGAP,SELFEMPLOYED,PC_MENWAGE,A,2008,43.91455654,Mexico
MEX,WAGEGAP,SELFEMPLOYED,PC_MENWAGE,A,2009,43.0036832,Mexico
MEX,WAGEGAP,SELFEMPLOYED,PC_MENWAGE,A,2010,46.48017934,Mexico
MEX,WAGEGAP,SELFEMPLOYED,PC_MENWAGE,A,2011,46.60981687,Mexico
MEX,WAGEGAP,SELFEMPLOYED,PC_MENWAGE,A,2012,47.21899282,Mexico
MEX,WAGEGAP,SELFEMPLOYED,PC_MENWAGE,A,2013,47.5938227,Mexico
NLD,WAGEGAP,SELFEMPLOYED,PC_MENWAGE,A,2004,37.01441901,Netherlands
NLD,WAGEGAP,SELFEMPLOYED,PC_MENWAGE,A,2005,38.55967095,Netherlands
NLD,WAGEGAP,SELFEMPLOYED,PC_MENWAGE,A,2006,42.26968524,Netherlands
NLD,WAGEGAP,SELFEMPLOYED,PC_MENWAGE,A,2007,44.16866593,Netherlands
NLD,WAGEGAP,SELFEMPLOYED,PC_MENWAGE,A,2008,41.46991203,Netherlands
NLD,WAGEGAP,SELFEMPLOYED,PC_MENWAGE,A,2009,35.0529637,Netherlands
NLD,WAGEGAP,SELFEMPLOYED,PC_MENWAGE,A,2010,30.31410359,Netherlands
NLD,WAGEGAP,SELFEMPLOYED,PC_MENWAGE,A,2011,27.78578462,Netherlands
NLD,WAGEGAP,SELFEMPLOYED,PC_MENWAGE,A,2012,28.36369322,Netherlands
NZL,WAGEGAP,SELFEMPLOYED,PC_MENWAGE,A,2003,29.39921891,New Zealand
NZL,WAGEGAP,SELFEMPLOYED,PC_MENWAGE,A,2004,32.85331465,New Zealand
NZL,WAGEGAP,SELFEMPLOYED,PC_MENWAGE,A,2005,34.96927179,New Zealand
NZL,WAGEGAP,SELFEMPLOYED,PC_MENWAGE,A,2006,33.73505953,New Zealand
NZL,WAGEGAP,SELFEMPLOYED,PC_MENWAGE,A,2007,36.14704132,New Zealand
NZL,WAGEGAP,SELFEMPLOYED,PC_MENWAGE,A,2008,34.7755928,New Zealand
NZL,WAGEGAP,SELFEMPLOYED,PC_MENWAGE,A,2009,35.37061424,New Zealand
NZL,WAGEGAP,SELFEMPLOYED,PC_MENWAGE,A,2010,34.47785064,New Zealand
NZL,WAGEGAP,SELFEMPLOYED,PC_MENWAGE,A,2011,32.89286493,New Zealand
NZL,WAGEGAP,SELFEMPLOYED,PC_MENWAGE,A,2012,31.17962662,New Zealand
NZL,WAGEGAP,SELFEMPLOYED,PC_MENWAGE,A,2013,30.86295354,New Zealand
NOR,WAGEGAP,SELFEMPLOYED,PC_MENWAGE,A,2003,32.32258455,Norway
NOR,WAGEGAP,SELFEMPLOYED,PC_MENWAGE,A,2004,32.48557343,Norway
NOR,WAGEGAP,SELFEMPLOYED,PC_MENWAGE,A,2005,30.87851707,Norway
NOR,WAGEGAP,SELFEMPLOYED,PC_MENWAGE,A,2006,27.91964301,Norway
NOR,WAGEGAP,SELFEMPLOYED,PC_MENWAGE,A,2007,26.3600797,Norway
NOR,WAGEGAP,SELFEMPLOYED,PC_MENWAGE,A,2008,28.09613403,Norway
NOR,WAGEGAP,SELFEMPLOYED,PC_MENWAGE,A,2009,28.10397795,Norway
NOR,WAGEGAP,SELFEMPLOYED,PC_MENWAGE,A,2010,26.65662606,Norway
NOR,WAGEGAP,SELFEMPLOYED,PC_MENWAGE,A,2011,25.35113615,Norway
NOR,WAGEGAP,SELFEMPLOYED,PC_MENWAGE,A,2012,25.44876069,Norway
POL,WAGEGAP,SELFEMPLOYED,PC_MENWAGE,A,2004,53.69145016,Poland
POL,WAGEGAP,SELFEMPLOYED,PC_MENWAGE,A,2005,54.65533638,Poland
POL,WAGEGAP,SELFEMPLOYED,PC_MENWAGE,A,2006,53.15017104,Poland
POL,WAGEGAP,SELFEMPLOYED,PC_MENWAGE,A,2007,56.82786251,Poland
POL,WAGEGAP,SELFEMPLOYED,PC_MENWAGE,A,2008,58.06635648,Poland
POL,WAGEGAP,SELFEMPLOYED,PC_MENWAGE,A,2009,61.63500245,Poland
POL,WAGEGAP,SELFEMPLOYED,PC_MENWAGE,A,2010,61.6319107,Poland
POL,WAGEGAP,SELFEMPLOYED,PC_MENWAGE,A,2011,61.92813305,Poland
POL,WAGEGAP,SELFEMPLOYED,PC_MENWAGE,A,2012,61.83429884,Poland
PRT,WAGEGAP,SELFEMPLOYED,PC_MENWAGE,A,2006,62.25011998,Portugal
PRT,WAGEGAP,SELFEMPLOYED,PC_MENWAGE,A,2007,60.92239684,Portugal
PRT,WAGEGAP,SELFEMPLOYED,PC_MENWAGE,A,2008,60.39190563,Portugal
PRT,WAGEGAP,SELFEMPLOYED,PC_MENWAGE,A,2009,58.39019692,Portugal
PRT,WAGEGAP,SELFEMPLOYED,PC_MENWAGE,A,2010,59.24471813,Portugal
PRT,WAGEGAP,SELFEMPLOYED,PC_MENWAGE,A,2011,58.6957317,Portugal
PRT,WAGEGAP,SELFEMPLOYED,PC_MENWAGE,A,2012,59.61629368,Portugal
SVK,WAGEGAP,SELFEMPLOYED,PC_MENWAGE,A,2004,21.46561591,Slovak Republic
SVK,WAGEGAP,SELFEMPLOYED,PC_MENWAGE,A,2005,19.86986631,Slovak Republic
SVK,WAGEGAP,SELFEMPLOYED,PC_MENWAGE,A,2006,23.73948365,Slovak Republic
SVK,WAGEGAP,SELFEMPLOYED,PC_MENWAGE,A,2007,26.85340828,Slovak Republic
SVK,WAGEGAP,SELFEMPLOYED,PC_MENWAGE,A,2008,29.88481169,Slovak Republic
SVK,WAGEGAP,SELFEMPLOYED,PC_MENWAGE,A,2009,31.57911587,Slovak Republic
SVK,WAGEGAP,SELFEMPLOYED,PC_MENWAGE,A,2010,30.92767276,Slovak Republic
SVK,WAGEGAP,SELFEMPLOYED,PC_MENWAGE,A,2011,32.20732065,Slovak Republic
SVK,WAGEGAP,SELFEMPLOYED,PC_MENWAGE,A,2012,31.30545096,Slovak Republic
ESP,WAGEGAP,SELFEMPLOYED,PC_MENWAGE,A,2005,38.98350088,Spain
ESP,WAGEGAP,SELFEMPLOYED,PC_MENWAGE,A,2006,37.54260759,Spain
ESP,WAGEGAP,SELFEMPLOYED,PC_MENWAGE,A,2007,36.20565148,Spain
ESP,WAGEGAP,SELFEMPLOYED,PC_MENWAGE,A,2008,31.65397301,Spain
ESP,WAGEGAP,SELFEMPLOYED,PC_MENWAGE,A,2009,29.97128148,Spain
ESP,WAGEGAP,SELFEMPLOYED,PC_MENWAGE,A,2010,24.73823566,Spain
ESP,WAGEGAP,SELFEMPLOYED,PC_MENWAGE,A,2011,23.4889492,Spain
ESP,WAGEGAP,SELFEMPLOYED,PC_MENWAGE,A,2012,20.16619507,Spain
SWE,WAGEGAP,SELFEMPLOYED,PC_MENWAGE,A,2003,5.566273818,Sweden
SWE,WAGEGAP,SELFEMPLOYED,PC_MENWAGE,A,2004,13.16923535,Sweden
SWE,WAGEGAP,SELFEMPLOYED,PC_MENWAGE,A,2005,18.0811375,Sweden
SWE,WAGEGAP,SELFEMPLOYED,PC_MENWAGE,A,2006,19.74643464,Sweden
SWE,WAGEGAP,SELFEMPLOYED,PC_MENWAGE,A,2007,12.05308316,Sweden
SWE,WAGEGAP,SELFEMPLOYED,PC_MENWAGE,A,2008,9.974877704,Sweden
SWE,WAGEGAP,SELFEMPLOYED,PC_MENWAGE,A,2009,15.58998178,Sweden
SWE,WAGEGAP,SELFEMPLOYED,PC_MENWAGE,A,2010,17.9980841,Sweden
SWE,WAGEGAP,SELFEMPLOYED,PC_MENWAGE,A,2011,17.935426,Sweden
SWE,WAGEGAP,SELFEMPLOYED,PC_MENWAGE,A,2012,17.3213353,Sweden
CHE,WAGEGAP,SELFEMPLOYED,PC_MENWAGE,A,2007,58.17344161,Switzerland
CHE,WAGEGAP,SELFEMPLOYED,PC_MENWAGE,A,2008,56.09235854,Switzerland
CHE,WAGEGAP,SELFEMPLOYED,PC_MENWAGE,A,2009,51.42194515,Switzerland
CHE,WAGEGAP,SELFEMPLOYED,PC_MENWAGE,A,2010,50.67003169,Switzerland
CHE,WAGEGAP,SELFEMPLOYED,PC_MENWAGE,A,2011,49.34986294,Switzerland
CHE,WAGEGAP,SELFEMPLOYED,PC_MENWAGE,A,2012,51.11074586,Switzerland
GBR,WAGEGAP,SELFEMPLOYED,PC_MENWAGE,A,2004,46.03620014,United Kingdom
GBR,WAGEGAP,SELFEMPLOYED,PC_MENWAGE,A,2005,44.91969299,United Kingdom
GBR,WAGEGAP,SELFEMPLOYED,PC_MENWAGE,A,2006,43.58445389,United Kingdom
GBR,WAGEGAP,SELFEMPLOYED,PC_MENWAGE,A,2007,39.92859015,United Kingdom
GBR,WAGEGAP,SELFEMPLOYED,PC_MENWAGE,A,2008,38.44080643,United Kingdom
GBR,WAGEGAP,SELFEMPLOYED,PC_MENWAGE,A,2009,38.21544281,United Kingdom
GBR,WAGEGAP,SELFEMPLOYED,PC_MENWAGE,A,2010,40.42115736,United Kingdom
GBR,WAGEGAP,SELFEMPLOYED,PC_MENWAGE,A,2011,39.59992317,United Kingdom
GBR,WAGEGAP,SELFEMPLOYED,PC_MENWAGE,A,2012,39.0329938,United Kingdom
USA,WAGEGAP,SELFEMPLOYED,PC_MENWAGE,A,2005,46.91123045,United States
USA,WAGEGAP,SELFEMPLOYED,PC_MENWAGE,A,2006,46.34438512,United States
USA,WAGEGAP,SELFEMPLOYED,PC_MENWAGE,A,2007,45.7191524,United States
USA,WAGEGAP,SELFEMPLOYED,PC_MENWAGE,A,2008,45.04987709,United States
USA,WAGEGAP,SELFEMPLOYED,PC_MENWAGE,A,2009,44.47856499,United States
USA,WAGEGAP,SELFEMPLOYED,PC_MENWAGE,A,2010,42.61617351,United States
USA,WAGEGAP,SELFEMPLOYED,PC_MENWAGE,A,2011,42.95103326,United States
USA,WAGEGAP,SELFEMPLOYED,PC_MENWAGE,A,2012,43.32180989,United States
USA,WAGEGAP,SELFEMPLOYED,PC_MENWAGE,A,2013,43.9527052,United States
EST,WAGEGAP,SELFEMPLOYED,PC_MENWAGE,A,2003,18.58316646,Estonia
EST,WAGEGAP,SELFEMPLOYED,PC_MENWAGE,A,2004,14.18298179,Estonia
EST,WAGEGAP,SELFEMPLOYED,PC_MENWAGE,A,2005,9.082829053,Estonia
EST,WAGEGAP,SELFEMPLOYED,PC_MENWAGE,A,2006,2.404143613,Estonia
EST,WAGEGAP,SELFEMPLOYED,PC_MENWAGE,A,2007,-7.364853464,Estonia
EST,WAGEGAP,SELFEMPLOYED,PC_MENWAGE,A,2008,-23.14299979,Estonia
EST,WAGEGAP,SELFEMPLOYED,PC_MENWAGE,A,2009,-28.11711358,Estonia
EST,WAGEGAP,SELFEMPLOYED,PC_MENWAGE,A,2010,-30.3799667,Estonia
EST,WAGEGAP,SELFEMPLOYED,PC_MENWAGE,A,2011,-25.50545519,Estonia
EST,WAGEGAP,SELFEMPLOYED,PC_MENWAGE,A,2012,-28.90340999,Estonia
RUS,WAGEGAP,SELFEMPLOYED,PC_MENWAGE,A,2012,34.96732671,Russian Federation
SVN,WAGEGAP,SELFEMPLOYED,PC_MENWAGE,A,2004,28.55167328,Slovenia
SVN,WAGEGAP,SELFEMPLOYED,PC_MENWAGE,A,2005,29.83193044,Slovenia
SVN,WAGEGAP,SELFEMPLOYED,PC_MENWAGE,A,2006,29.04447943,Slovenia
SVN,WAGEGAP,SELFEMPLOYED,PC_MENWAGE,A,2007,28.61246966,Slovenia
SVN,WAGEGAP,SELFEMPLOYED,PC_MENWAGE,A,2008,27.70612815,Slovenia
SVN,WAGEGAP,SELFEMPLOYED,PC_MENWAGE,A,2009,29.53689865,Slovenia
SVN,WAGEGAP,SELFEMPLOYED,PC_MENWAGE,A,2010,32.83021325,Slovenia
SVN,WAGEGAP,SELFEMPLOYED,PC_MENWAGE,A,2011,33.93263857,Slovenia
SVN,WAGEGAP,SELFEMPLOYED,PC_MENWAGE,A,2012,33.21211476,Slovenia
