"LOCATION","INDICATOR","SUBJECT","MEASURE","FREQUENCY","TIME","Value","Flag Codes"
"AUS","WAGEGAP","TOT","PC_MENWAGE","A","1975",21.582733,
"AUS","WAGEGAP","TOT","PC_MENWAGE","A","1976",20.754717,
"AUS","WAGEGAP","TOT","PC_MENWAGE","A","1977",18.390804,
"AUS","WAGEGAP","TOT","PC_MENWAGE","A","1978",19.791666,
"AUS","WAGEGAP","TOT","PC_MENWAGE","A","1979",20,
"AUS","WAGEGAP","TOT","PC_MENWAGE","A","1980",18.75,
"AUS","WAGEGAP","TOT","PC_MENWAGE","A","1981",18.253969,
"AUS","WAGEGAP","TOT","PC_MENWAGE","A","1982",20.819113,
"AUS","WAGEGAP","TOT","PC_MENWAGE","A","1983",19.155844,
"AUS","WAGEGAP","TOT","PC_MENWAGE","A","1984",18.674698,
"AUS","WAGEGAP","TOT","PC_MENWAGE","A","1985",19.607843,
"AUS","WAGEGAP","TOT","PC_MENWAGE","A","1986",18.848167,
"AUS","WAGEGAP","TOT","PC_MENWAGE","A","1987",18.518518,
"AUS","WAGEGAP","TOT","PC_MENWAGE","A","1988",18.793503,
"AUS","WAGEGAP","TOT","PC_MENWAGE","A","1989",18.589743,
"AUS","WAGEGAP","TOT","PC_MENWAGE","A","1990",18.181818,
"AUS","WAGEGAP","TOT","PC_MENWAGE","A","1991",16.015625,
"AUS","WAGEGAP","TOT","PC_MENWAGE","A","1992",14.258555,
"AUS","WAGEGAP","TOT","PC_MENWAGE","A","1993",13.224638,
"AUS","WAGEGAP","TOT","PC_MENWAGE","A","1994",14.409722,
"AUS","WAGEGAP","TOT","PC_MENWAGE","A","1995",14.478114,
"AUS","WAGEGAP","TOT","PC_MENWAGE","A","1997",15.254237,
"AUS","WAGEGAP","TOT","PC_MENWAGE","A","1998",13.242009,
"AUS","WAGEGAP","TOT","PC_MENWAGE","A","1999",14.285714,
"AUS","WAGEGAP","TOT","PC_MENWAGE","A","2000",17.200001,
"AUS","WAGEGAP","TOT","PC_MENWAGE","A","2001",14.342105,
"AUS","WAGEGAP","TOT","PC_MENWAGE","A","2002",15,
"AUS","WAGEGAP","TOT","PC_MENWAGE","A","2003",13.043478,
"AUS","WAGEGAP","TOT","PC_MENWAGE","A","2004",14.352942,
"AUS","WAGEGAP","TOT","PC_MENWAGE","A","2005",15.777778,
"AUS","WAGEGAP","TOT","PC_MENWAGE","A","2006",16.666666,
"AUS","WAGEGAP","TOT","PC_MENWAGE","A","2007",15.4,
"AUS","WAGEGAP","TOT","PC_MENWAGE","A","2008",11.937378,
"AUS","WAGEGAP","TOT","PC_MENWAGE","A","2009",16.363636,
"AUS","WAGEGAP","TOT","PC_MENWAGE","A","2010",14.042933,
"AUS","WAGEGAP","TOT","PC_MENWAGE","A","2011",15.966387,
"AUS","WAGEGAP","TOT","PC_MENWAGE","A","2012",13.75,
"AUS","WAGEGAP","TOT","PC_MENWAGE","A","2013",18,
"AUS","WAGEGAP","TOT","PC_MENWAGE","A","2014",15.384615,
"AUT","WAGEGAP","TOT","PC_MENWAGE","A","2000",23.141943,
"AUT","WAGEGAP","TOT","PC_MENWAGE","A","2001",22.801817,
"AUT","WAGEGAP","TOT","PC_MENWAGE","A","2002",24.489223,
"AUT","WAGEGAP","TOT","PC_MENWAGE","A","2003",21.136923,
"AUT","WAGEGAP","TOT","PC_MENWAGE","A","2004",22.430792,
"AUT","WAGEGAP","TOT","PC_MENWAGE","A","2005",22.032085,
"AUT","WAGEGAP","TOT","PC_MENWAGE","A","2006",21.855131,
"AUT","WAGEGAP","TOT","PC_MENWAGE","A","2007",21.634275,
"AUT","WAGEGAP","TOT","PC_MENWAGE","A","2008",20.91732,
"AUT","WAGEGAP","TOT","PC_MENWAGE","A","2009",19.355967,
"AUT","WAGEGAP","TOT","PC_MENWAGE","A","2010",19.188862,
"AUT","WAGEGAP","TOT","PC_MENWAGE","A","2011",18.550554,
"AUT","WAGEGAP","TOT","PC_MENWAGE","A","2012",18.185057,
"AUT","WAGEGAP","TOT","PC_MENWAGE","A","2013",18.053211,
"AUT","WAGEGAP","TOT","PC_MENWAGE","A","2014",17.728884,
"BEL","WAGEGAP","TOT","PC_MENWAGE","A","1999",15.182987,
"BEL","WAGEGAP","TOT","PC_MENWAGE","A","2000",13.599231,
"BEL","WAGEGAP","TOT","PC_MENWAGE","A","2001",13.186813,
"BEL","WAGEGAP","TOT","PC_MENWAGE","A","2002",11.604714,
"BEL","WAGEGAP","TOT","PC_MENWAGE","A","2003",15.205184,
"BEL","WAGEGAP","TOT","PC_MENWAGE","A","2004",11.832061,
"BEL","WAGEGAP","TOT","PC_MENWAGE","A","2005",11.511092,
"BEL","WAGEGAP","TOT","PC_MENWAGE","A","2006",10.253268,
"BEL","WAGEGAP","TOT","PC_MENWAGE","A","2007",9.8736181,
"BEL","WAGEGAP","TOT","PC_MENWAGE","A","2008",8.9157534,
"BEL","WAGEGAP","TOT","PC_MENWAGE","A","2009",7.4804616,
"BEL","WAGEGAP","TOT","PC_MENWAGE","A","2010",7.0437956,
"BEL","WAGEGAP","TOT","PC_MENWAGE","A","2011",5.838109,
"BEL","WAGEGAP","TOT","PC_MENWAGE","A","2012",6.41115,
"BEL","WAGEGAP","TOT","PC_MENWAGE","A","2013",5.9128633,
"BEL","WAGEGAP","TOT","PC_MENWAGE","A","2014",3.299,
"CAN","WAGEGAP","TOT","PC_MENWAGE","A","1997",24.705883,
"CAN","WAGEGAP","TOT","PC_MENWAGE","A","1998",24.855492,
"CAN","WAGEGAP","TOT","PC_MENWAGE","A","1999",24,
"CAN","WAGEGAP","TOT","PC_MENWAGE","A","2000",23.875,
"CAN","WAGEGAP","TOT","PC_MENWAGE","A","2001",24.324579,
"CAN","WAGEGAP","TOT","PC_MENWAGE","A","2002",24.013159,
"CAN","WAGEGAP","TOT","PC_MENWAGE","A","2003",22.50234,
"CAN","WAGEGAP","TOT","PC_MENWAGE","A","2004",22.717949,
"CAN","WAGEGAP","TOT","PC_MENWAGE","A","2005",21.25,
"CAN","WAGEGAP","TOT","PC_MENWAGE","A","2006",21.123322,
"CAN","WAGEGAP","TOT","PC_MENWAGE","A","2007",20.808235,
"CAN","WAGEGAP","TOT","PC_MENWAGE","A","2008",20.454546,
"CAN","WAGEGAP","TOT","PC_MENWAGE","A","2009",20.131868,
"CAN","WAGEGAP","TOT","PC_MENWAGE","A","2010",18.97747,
"CAN","WAGEGAP","TOT","PC_MENWAGE","A","2011",19.175531,
"CAN","WAGEGAP","TOT","PC_MENWAGE","A","2012",19.51123,
"CAN","WAGEGAP","TOT","PC_MENWAGE","A","2013",19.303234,
"CAN","WAGEGAP","TOT","PC_MENWAGE","A","2014",19.229,
"CAN","WAGEGAP","TOT","PC_MENWAGE","A","2015",18.627451,
"CZE","WAGEGAP","TOT","PC_MENWAGE","A","1996",18.289856,
"CZE","WAGEGAP","TOT","PC_MENWAGE","A","1997",18.429043,
"CZE","WAGEGAP","TOT","PC_MENWAGE","A","1999",19.030313,
"CZE","WAGEGAP","TOT","PC_MENWAGE","A","2001",16.876621,
"CZE","WAGEGAP","TOT","PC_MENWAGE","A","2002",15.950698,
"CZE","WAGEGAP","TOT","PC_MENWAGE","A","2003",15.637497,
"CZE","WAGEGAP","TOT","PC_MENWAGE","A","2004",16.14682,
"CZE","WAGEGAP","TOT","PC_MENWAGE","A","2005",15.93893,
"CZE","WAGEGAP","TOT","PC_MENWAGE","A","2006",15.351767,
"CZE","WAGEGAP","TOT","PC_MENWAGE","A","2007",16.931532,
"CZE","WAGEGAP","TOT","PC_MENWAGE","A","2008",17.87302,
"CZE","WAGEGAP","TOT","PC_MENWAGE","A","2009",15.105018,
"CZE","WAGEGAP","TOT","PC_MENWAGE","A","2010",15.798503,
"CZE","WAGEGAP","TOT","PC_MENWAGE","A","2011",16.329657,
"CZE","WAGEGAP","TOT","PC_MENWAGE","A","2012",15.26298,
"CZE","WAGEGAP","TOT","PC_MENWAGE","A","2013",15.378836,
"CZE","WAGEGAP","TOT","PC_MENWAGE","A","2014",16.25456,
"CZE","WAGEGAP","TOT","PC_MENWAGE","A","2015",16.455154,
"DNK","WAGEGAP","TOT","PC_MENWAGE","A","2008",10.183549,
"DNK","WAGEGAP","TOT","PC_MENWAGE","A","2009",10.172005,
"DNK","WAGEGAP","TOT","PC_MENWAGE","A","2010",8.8950987,
"DNK","WAGEGAP","TOT","PC_MENWAGE","A","2011",7.9471974,
"DNK","WAGEGAP","TOT","PC_MENWAGE","A","2012",6.999845,
"DNK","WAGEGAP","TOT","PC_MENWAGE","A","2013",6.7689118,
"FIN","WAGEGAP","TOT","PC_MENWAGE","A","1977",27.690401,
"FIN","WAGEGAP","TOT","PC_MENWAGE","A","1978",27.088608,
"FIN","WAGEGAP","TOT","PC_MENWAGE","A","1979",27.168949,
"FIN","WAGEGAP","TOT","PC_MENWAGE","A","1980",26.623819,
"FIN","WAGEGAP","TOT","PC_MENWAGE","A","1982",25.961538,
"FIN","WAGEGAP","TOT","PC_MENWAGE","A","1983",25.631742,
"FIN","WAGEGAP","TOT","PC_MENWAGE","A","1984",23.427042,
"FIN","WAGEGAP","TOT","PC_MENWAGE","A","1986",22.53142,
"FIN","WAGEGAP","TOT","PC_MENWAGE","A","1987",23.612841,
"FIN","WAGEGAP","TOT","PC_MENWAGE","A","1988",23.045794,
"FIN","WAGEGAP","TOT","PC_MENWAGE","A","1989",23.559036,
"FIN","WAGEGAP","TOT","PC_MENWAGE","A","1990",22.862103,
"FIN","WAGEGAP","TOT","PC_MENWAGE","A","1991",21.467747,
"FIN","WAGEGAP","TOT","PC_MENWAGE","A","1992",20.284986,
"FIN","WAGEGAP","TOT","PC_MENWAGE","A","1993",21.984812,
"FIN","WAGEGAP","TOT","PC_MENWAGE","A","1994",23.149578,
"FIN","WAGEGAP","TOT","PC_MENWAGE","A","1995",22.402195,
"FIN","WAGEGAP","TOT","PC_MENWAGE","A","1996",20.58267,
"FIN","WAGEGAP","TOT","PC_MENWAGE","A","1997",21.332012,
"FIN","WAGEGAP","TOT","PC_MENWAGE","A","1998",20.800426,
"FIN","WAGEGAP","TOT","PC_MENWAGE","A","1999",21.716236,
"FIN","WAGEGAP","TOT","PC_MENWAGE","A","2000",20.427488,
"FIN","WAGEGAP","TOT","PC_MENWAGE","A","2001",21.239092,
"FIN","WAGEGAP","TOT","PC_MENWAGE","A","2002",20.373203,
"FIN","WAGEGAP","TOT","PC_MENWAGE","A","2003",20.099257,
"FIN","WAGEGAP","TOT","PC_MENWAGE","A","2004",20.015152,
"FIN","WAGEGAP","TOT","PC_MENWAGE","A","2005",18.941694,
"FIN","WAGEGAP","TOT","PC_MENWAGE","A","2006",19.374794,
"FIN","WAGEGAP","TOT","PC_MENWAGE","A","2007",21.376904,
"FIN","WAGEGAP","TOT","PC_MENWAGE","A","2008",21.233953,
"FIN","WAGEGAP","TOT","PC_MENWAGE","A","2009",19.675673,
"FIN","WAGEGAP","TOT","PC_MENWAGE","A","2010",18.876999,
"FIN","WAGEGAP","TOT","PC_MENWAGE","A","2011",18.607616,
"FIN","WAGEGAP","TOT","PC_MENWAGE","A","2012",18.726074,
"FIN","WAGEGAP","TOT","PC_MENWAGE","A","2013",20.178432,
"FIN","WAGEGAP","TOT","PC_MENWAGE","A","2014",19.609079,
"FRA","WAGEGAP","TOT","PC_MENWAGE","A","1995",14.571465,
"FRA","WAGEGAP","TOT","PC_MENWAGE","A","1996",15.629953,
"FRA","WAGEGAP","TOT","PC_MENWAGE","A","1997",15.3803,
"FRA","WAGEGAP","TOT","PC_MENWAGE","A","1998",14.573853,
"FRA","WAGEGAP","TOT","PC_MENWAGE","A","1999",14.320447,
"FRA","WAGEGAP","TOT","PC_MENWAGE","A","2000",14.57124,
"FRA","WAGEGAP","TOT","PC_MENWAGE","A","2001",15.125461,
"FRA","WAGEGAP","TOT","PC_MENWAGE","A","2002",15.205245,
"FRA","WAGEGAP","TOT","PC_MENWAGE","A","2003",15.144244,
"FRA","WAGEGAP","TOT","PC_MENWAGE","A","2004",14.954294,
"FRA","WAGEGAP","TOT","PC_MENWAGE","A","2005",14.389411,
"FRA","WAGEGAP","TOT","PC_MENWAGE","A","2006",13.977817,
"FRA","WAGEGAP","TOT","PC_MENWAGE","A","2007",13.964794,
"FRA","WAGEGAP","TOT","PC_MENWAGE","A","2008",14.344262,
"FRA","WAGEGAP","TOT","PC_MENWAGE","A","2009",14.031266,
"FRA","WAGEGAP","TOT","PC_MENWAGE","A","2010",14.054337,
"FRA","WAGEGAP","TOT","PC_MENWAGE","A","2011",13.950789,
"FRA","WAGEGAP","TOT","PC_MENWAGE","A","2012",13.672824,
"DEU","WAGEGAP","TOT","PC_MENWAGE","A","1992",27.012686,
"DEU","WAGEGAP","TOT","PC_MENWAGE","A","1993",23.391813,
"DEU","WAGEGAP","TOT","PC_MENWAGE","A","1994",21.025787,
"DEU","WAGEGAP","TOT","PC_MENWAGE","A","1995",19.981585,
"DEU","WAGEGAP","TOT","PC_MENWAGE","A","1996",20.892225,
"DEU","WAGEGAP","TOT","PC_MENWAGE","A","1997",21.4547,
"DEU","WAGEGAP","TOT","PC_MENWAGE","A","1998",21.163851,
"DEU","WAGEGAP","TOT","PC_MENWAGE","A","1999",21.047304,
"DEU","WAGEGAP","TOT","PC_MENWAGE","A","2000",20.510708,
"DEU","WAGEGAP","TOT","PC_MENWAGE","A","2001",19.248508,
"DEU","WAGEGAP","TOT","PC_MENWAGE","A","2002",19.135803,
"DEU","WAGEGAP","TOT","PC_MENWAGE","A","2003",20.397585,
"DEU","WAGEGAP","TOT","PC_MENWAGE","A","2004",22.509352,
"DEU","WAGEGAP","TOT","PC_MENWAGE","A","2005",17.302053,
"DEU","WAGEGAP","TOT","PC_MENWAGE","A","2006",19.622093,
"DEU","WAGEGAP","TOT","PC_MENWAGE","A","2007",17.105263,
"DEU","WAGEGAP","TOT","PC_MENWAGE","A","2008",17.442335,
"DEU","WAGEGAP","TOT","PC_MENWAGE","A","2009",17.045454,
"DEU","WAGEGAP","TOT","PC_MENWAGE","A","2010",16.750813,
"DEU","WAGEGAP","TOT","PC_MENWAGE","A","2011",16.666666,
"DEU","WAGEGAP","TOT","PC_MENWAGE","A","2012",15.300547,
"DEU","WAGEGAP","TOT","PC_MENWAGE","A","2013",13.857142,
"DEU","WAGEGAP","TOT","PC_MENWAGE","A","2014",17.079531,
"GRC","WAGEGAP","TOT","PC_MENWAGE","A","2004",13.875598,
"GRC","WAGEGAP","TOT","PC_MENWAGE","A","2005",16.666666,
"GRC","WAGEGAP","TOT","PC_MENWAGE","A","2006",11.87863,
"GRC","WAGEGAP","TOT","PC_MENWAGE","A","2007",11.629049,
"GRC","WAGEGAP","TOT","PC_MENWAGE","A","2008",9.5237713,
"GRC","WAGEGAP","TOT","PC_MENWAGE","A","2009",9.5871658,
"GRC","WAGEGAP","TOT","PC_MENWAGE","A","2010",12.172841,
"GRC","WAGEGAP","TOT","PC_MENWAGE","A","2011",10.714286,
"GRC","WAGEGAP","TOT","PC_MENWAGE","A","2012",6.8528018,
"GRC","WAGEGAP","TOT","PC_MENWAGE","A","2013",11.273732,
"GRC","WAGEGAP","TOT","PC_MENWAGE","A","2014",9.0909081,
"HUN","WAGEGAP","TOT","PC_MENWAGE","A","1989",25.979979,
"HUN","WAGEGAP","TOT","PC_MENWAGE","A","1992",17.391092,
"HUN","WAGEGAP","TOT","PC_MENWAGE","A","1993",7.9486289,
"HUN","WAGEGAP","TOT","PC_MENWAGE","A","1994",15.181054,
"HUN","WAGEGAP","TOT","PC_MENWAGE","A","1995",15.754002,
"HUN","WAGEGAP","TOT","PC_MENWAGE","A","1996",17.775349,
"HUN","WAGEGAP","TOT","PC_MENWAGE","A","1998",15.671893,
"HUN","WAGEGAP","TOT","PC_MENWAGE","A","1999",15.301231,
"HUN","WAGEGAP","TOT","PC_MENWAGE","A","2000",14.098768,
"HUN","WAGEGAP","TOT","PC_MENWAGE","A","2001",13.689781,
"HUN","WAGEGAP","TOT","PC_MENWAGE","A","2002",9.1297121,
"HUN","WAGEGAP","TOT","PC_MENWAGE","A","2003",1.4760045,
"HUN","WAGEGAP","TOT","PC_MENWAGE","A","2004",3.0343738,
"HUN","WAGEGAP","TOT","PC_MENWAGE","A","2005",4.0215263,
"HUN","WAGEGAP","TOT","PC_MENWAGE","A","2006",0.38438705,
"HUN","WAGEGAP","TOT","PC_MENWAGE","A","2007",3.6481061,
"HUN","WAGEGAP","TOT","PC_MENWAGE","A","2008",2.2206545,
"HUN","WAGEGAP","TOT","PC_MENWAGE","A","2009",3.8760881,
"HUN","WAGEGAP","TOT","PC_MENWAGE","A","2010",6.3817124,
"HUN","WAGEGAP","TOT","PC_MENWAGE","A","2011",6.8639054,
"HUN","WAGEGAP","TOT","PC_MENWAGE","A","2012",11.332462,
"HUN","WAGEGAP","TOT","PC_MENWAGE","A","2013",8.7236509,
"HUN","WAGEGAP","TOT","PC_MENWAGE","A","2014",3.7726054,
"HUN","WAGEGAP","TOT","PC_MENWAGE","A","2015",9.5238094,
"ISL","WAGEGAP","TOT","PC_MENWAGE","A","2004",19.225464,
"ISL","WAGEGAP","TOT","PC_MENWAGE","A","2005",13.199229,
"ISL","WAGEGAP","TOT","PC_MENWAGE","A","2006",12.400077,
"ISL","WAGEGAP","TOT","PC_MENWAGE","A","2007",15.89033,
"ISL","WAGEGAP","TOT","PC_MENWAGE","A","2008",13.328559,
"ISL","WAGEGAP","TOT","PC_MENWAGE","A","2009",15.977813,
"ISL","WAGEGAP","TOT","PC_MENWAGE","A","2010",14.314784,
"ISL","WAGEGAP","TOT","PC_MENWAGE","A","2011",14.079813,
"ISL","WAGEGAP","TOT","PC_MENWAGE","A","2013",14.527463,
"ISL","WAGEGAP","TOT","PC_MENWAGE","A","2014",13.59349,
"IRL","WAGEGAP","TOT","PC_MENWAGE","A","1994",25.182482,
"IRL","WAGEGAP","TOT","PC_MENWAGE","A","1997",21.716667,
"IRL","WAGEGAP","TOT","PC_MENWAGE","A","2000",19.729731,
"IRL","WAGEGAP","TOT","PC_MENWAGE","A","2003",19.702837,
"IRL","WAGEGAP","TOT","PC_MENWAGE","A","2004",18.230301,
"IRL","WAGEGAP","TOT","PC_MENWAGE","A","2005",13.793103,
"IRL","WAGEGAP","TOT","PC_MENWAGE","A","2006",14.411326,
"IRL","WAGEGAP","TOT","PC_MENWAGE","A","2007",17.953447,
"IRL","WAGEGAP","TOT","PC_MENWAGE","A","2008",14.964028,
"IRL","WAGEGAP","TOT","PC_MENWAGE","A","2009",14.887077,
"IRL","WAGEGAP","TOT","PC_MENWAGE","A","2010",12.844729,
"IRL","WAGEGAP","TOT","PC_MENWAGE","A","2011",10.446853,
"IRL","WAGEGAP","TOT","PC_MENWAGE","A","2012",8.3280916,
"IRL","WAGEGAP","TOT","PC_MENWAGE","A","2013",12.769828,
"IRL","WAGEGAP","TOT","PC_MENWAGE","A","2014",15.173429,
"ITA","WAGEGAP","TOT","PC_MENWAGE","A","1986",17.241379,
"ITA","WAGEGAP","TOT","PC_MENWAGE","A","1987",15.625,
"ITA","WAGEGAP","TOT","PC_MENWAGE","A","1989",11.111111,
"ITA","WAGEGAP","TOT","PC_MENWAGE","A","1991",10,
"ITA","WAGEGAP","TOT","PC_MENWAGE","A","1993",11.504425,
"ITA","WAGEGAP","TOT","PC_MENWAGE","A","1995",14.583333,
"ITA","WAGEGAP","TOT","PC_MENWAGE","A","1998",7.6923075,
"ITA","WAGEGAP","TOT","PC_MENWAGE","A","2000",8.5185184,
"ITA","WAGEGAP","TOT","PC_MENWAGE","A","2002",10.344828,
"ITA","WAGEGAP","TOT","PC_MENWAGE","A","2004",6.6666665,
"ITA","WAGEGAP","TOT","PC_MENWAGE","A","2006",7.6923075,
"ITA","WAGEGAP","TOT","PC_MENWAGE","A","2008",11.764706,
"ITA","WAGEGAP","TOT","PC_MENWAGE","A","2010",9.9403353,
"ITA","WAGEGAP","TOT","PC_MENWAGE","A","2012",11.111111,
"ITA","WAGEGAP","TOT","PC_MENWAGE","A","2014",5.5555553,
"JPN","WAGEGAP","TOT","PC_MENWAGE","A","1975",42.389759,
"JPN","WAGEGAP","TOT","PC_MENWAGE","A","1976",39.741749,
"JPN","WAGEGAP","TOT","PC_MENWAGE","A","1977",40.326797,
"JPN","WAGEGAP","TOT","PC_MENWAGE","A","1978",40.565456,
"JPN","WAGEGAP","TOT","PC_MENWAGE","A","1979",41.31319,
"JPN","WAGEGAP","TOT","PC_MENWAGE","A","1980",41.680305,
"JPN","WAGEGAP","TOT","PC_MENWAGE","A","1981",41.956966,
"JPN","WAGEGAP","TOT","PC_MENWAGE","A","1982",42.159256,
"JPN","WAGEGAP","TOT","PC_MENWAGE","A","1983",41.903408,
"JPN","WAGEGAP","TOT","PC_MENWAGE","A","1984",41.934006,
"JPN","WAGEGAP","TOT","PC_MENWAGE","A","1985",41.659271,
"JPN","WAGEGAP","TOT","PC_MENWAGE","A","1986",41.605526,
"JPN","WAGEGAP","TOT","PC_MENWAGE","A","1987",41.226215,
"JPN","WAGEGAP","TOT","PC_MENWAGE","A","1988",41.018211,
"JPN","WAGEGAP","TOT","PC_MENWAGE","A","1989",40.963375,
"JPN","WAGEGAP","TOT","PC_MENWAGE","A","1990",40.598938,
"JPN","WAGEGAP","TOT","PC_MENWAGE","A","1991",39.898991,
"JPN","WAGEGAP","TOT","PC_MENWAGE","A","1992",38.884995,
"JPN","WAGEGAP","TOT","PC_MENWAGE","A","1993",38.450947,
"JPN","WAGEGAP","TOT","PC_MENWAGE","A","1994",37.815975,
"JPN","WAGEGAP","TOT","PC_MENWAGE","A","1995",37.090302,
"JPN","WAGEGAP","TOT","PC_MENWAGE","A","1996",36.847324,
"JPN","WAGEGAP","TOT","PC_MENWAGE","A","1997",36.521454,
"JPN","WAGEGAP","TOT","PC_MENWAGE","A","1998",35.307667,
"JPN","WAGEGAP","TOT","PC_MENWAGE","A","1999",34.550838,
"JPN","WAGEGAP","TOT","PC_MENWAGE","A","2000",33.859303,
"JPN","WAGEGAP","TOT","PC_MENWAGE","A","2001",33.86467,
"JPN","WAGEGAP","TOT","PC_MENWAGE","A","2002",32.529724,
"JPN","WAGEGAP","TOT","PC_MENWAGE","A","2003",31.997351,
"JPN","WAGEGAP","TOT","PC_MENWAGE","A","2004",31.087391,
"JPN","WAGEGAP","TOT","PC_MENWAGE","A","2005",32.825439,
"JPN","WAGEGAP","TOT","PC_MENWAGE","A","2006",32.980831,
"JPN","WAGEGAP","TOT","PC_MENWAGE","A","2007",31.742323,
"JPN","WAGEGAP","TOT","PC_MENWAGE","A","2008",30.694397,
"JPN","WAGEGAP","TOT","PC_MENWAGE","A","2009",28.284924,
"JPN","WAGEGAP","TOT","PC_MENWAGE","A","2010",28.684301,
"JPN","WAGEGAP","TOT","PC_MENWAGE","A","2011",27.395365,
"JPN","WAGEGAP","TOT","PC_MENWAGE","A","2012",26.523546,
"JPN","WAGEGAP","TOT","PC_MENWAGE","A","2013",26.587578,
"JPN","WAGEGAP","TOT","PC_MENWAGE","A","2014",25.870991,
"KOR","WAGEGAP","TOT","PC_MENWAGE","A","1985",52.776234,
"KOR","WAGEGAP","TOT","PC_MENWAGE","A","1992",46.965488,
"KOR","WAGEGAP","TOT","PC_MENWAGE","A","1993",47.260319,
"KOR","WAGEGAP","TOT","PC_MENWAGE","A","1994",45.506378,
"KOR","WAGEGAP","TOT","PC_MENWAGE","A","1995",44.182205,
"KOR","WAGEGAP","TOT","PC_MENWAGE","A","1996",43.28278,
"KOR","WAGEGAP","TOT","PC_MENWAGE","A","1997",42.215485,
"KOR","WAGEGAP","TOT","PC_MENWAGE","A","1998",42.021843,
"KOR","WAGEGAP","TOT","PC_MENWAGE","A","1999",41.803398,
"KOR","WAGEGAP","TOT","PC_MENWAGE","A","2000",41.654354,
"KOR","WAGEGAP","TOT","PC_MENWAGE","A","2001",40.416142,
"KOR","WAGEGAP","TOT","PC_MENWAGE","A","2002",41.028511,
"KOR","WAGEGAP","TOT","PC_MENWAGE","A","2003",40.083153,
"KOR","WAGEGAP","TOT","PC_MENWAGE","A","2004",39.623547,
"KOR","WAGEGAP","TOT","PC_MENWAGE","A","2005",39.616631,
"KOR","WAGEGAP","TOT","PC_MENWAGE","A","2006",39.774143,
"KOR","WAGEGAP","TOT","PC_MENWAGE","A","2007",38.162064,
"KOR","WAGEGAP","TOT","PC_MENWAGE","A","2008",39.037441,
"KOR","WAGEGAP","TOT","PC_MENWAGE","A","2009",38.614681,
"KOR","WAGEGAP","TOT","PC_MENWAGE","A","2010",39.605858,
"KOR","WAGEGAP","TOT","PC_MENWAGE","A","2011",36.564228,
"KOR","WAGEGAP","TOT","PC_MENWAGE","A","2012",36.298531,
"KOR","WAGEGAP","TOT","PC_MENWAGE","A","2013",36.599636,
"KOR","WAGEGAP","TOT","PC_MENWAGE","A","2014",36.653175,
"LUX","WAGEGAP","TOT","PC_MENWAGE","A","2002",15.50058,
"LUX","WAGEGAP","TOT","PC_MENWAGE","A","2006",8.1961594,
"LUX","WAGEGAP","TOT","PC_MENWAGE","A","2010",4.9682708,
"NLD","WAGEGAP","TOT","PC_MENWAGE","A","2002",15.145228,
"NLD","WAGEGAP","TOT","PC_MENWAGE","A","2006",15.888616,
"NLD","WAGEGAP","TOT","PC_MENWAGE","A","2010",18.597561,
"NZL","WAGEGAP","TOT","PC_MENWAGE","A","1984",21.474653,
"NZL","WAGEGAP","TOT","PC_MENWAGE","A","1986",23.014999,
"NZL","WAGEGAP","TOT","PC_MENWAGE","A","1988",20.289234,
"NZL","WAGEGAP","TOT","PC_MENWAGE","A","1990",17.111124,
"NZL","WAGEGAP","TOT","PC_MENWAGE","A","1992",15.571565,
"NZL","WAGEGAP","TOT","PC_MENWAGE","A","1994",13.302432,
"NZL","WAGEGAP","TOT","PC_MENWAGE","A","1995",13.68283,
"NZL","WAGEGAP","TOT","PC_MENWAGE","A","1996",20.394886,
"NZL","WAGEGAP","TOT","PC_MENWAGE","A","1997",12.709497,
"NZL","WAGEGAP","TOT","PC_MENWAGE","A","1998",11.4,
"NZL","WAGEGAP","TOT","PC_MENWAGE","A","1999",8.333333,
"NZL","WAGEGAP","TOT","PC_MENWAGE","A","2000",7.1665559,
"NZL","WAGEGAP","TOT","PC_MENWAGE","A","2001",8.0562658,
"NZL","WAGEGAP","TOT","PC_MENWAGE","A","2002",7.3125,
"NZL","WAGEGAP","TOT","PC_MENWAGE","A","2003",7.6923075,
"NZL","WAGEGAP","TOT","PC_MENWAGE","A","2004",8.0766993,
"NZL","WAGEGAP","TOT","PC_MENWAGE","A","2005",9.6111107,
"NZL","WAGEGAP","TOT","PC_MENWAGE","A","2006",9.333333,
"NZL","WAGEGAP","TOT","PC_MENWAGE","A","2007",7.1428571,
"NZL","WAGEGAP","TOT","PC_MENWAGE","A","2008",8.0536909,
"NZL","WAGEGAP","TOT","PC_MENWAGE","A","2009",8.7591238,
"NZL","WAGEGAP","TOT","PC_MENWAGE","A","2010",7.0112362,
"NZL","WAGEGAP","TOT","PC_MENWAGE","A","2011",4.5333333,
"NZL","WAGEGAP","TOT","PC_MENWAGE","A","2012",5.9079061,
"NZL","WAGEGAP","TOT","PC_MENWAGE","A","2013",6.5943236,
"NZL","WAGEGAP","TOT","PC_MENWAGE","A","2014",6.0833335,
"NOR","WAGEGAP","TOT","PC_MENWAGE","A","1997",10.066472,
"NOR","WAGEGAP","TOT","PC_MENWAGE","A","1998",10.080347,
"NOR","WAGEGAP","TOT","PC_MENWAGE","A","1999",10.140724,
"NOR","WAGEGAP","TOT","PC_MENWAGE","A","2000",10.188542,
"NOR","WAGEGAP","TOT","PC_MENWAGE","A","2001",10.742867,
"NOR","WAGEGAP","TOT","PC_MENWAGE","A","2002",10.681874,
"NOR","WAGEGAP","TOT","PC_MENWAGE","A","2003",10.211701,
"NOR","WAGEGAP","TOT","PC_MENWAGE","A","2004",9.7057924,
"NOR","WAGEGAP","TOT","PC_MENWAGE","A","2005",9.3885164,
"NOR","WAGEGAP","TOT","PC_MENWAGE","A","2006",9.1624346,
"NOR","WAGEGAP","TOT","PC_MENWAGE","A","2007",9.8311481,
"NOR","WAGEGAP","TOT","PC_MENWAGE","A","2008",9.2356691,
"NOR","WAGEGAP","TOT","PC_MENWAGE","A","2009",8.6687307,
"NOR","WAGEGAP","TOT","PC_MENWAGE","A","2010",8.0597019,
"NOR","WAGEGAP","TOT","PC_MENWAGE","A","2011",7.7809796,
"NOR","WAGEGAP","TOT","PC_MENWAGE","A","2012",6.4066854,
"NOR","WAGEGAP","TOT","PC_MENWAGE","A","2013",7.0080862,
"NOR","WAGEGAP","TOT","PC_MENWAGE","A","2014",6.2827225,
"NOR","WAGEGAP","TOT","PC_MENWAGE","A","2015",7.1246819,
"POL","WAGEGAP","TOT","PC_MENWAGE","A","1991",20.148817,
"POL","WAGEGAP","TOT","PC_MENWAGE","A","1992",17.247705,
"POL","WAGEGAP","TOT","PC_MENWAGE","A","1993",20.028667,
"POL","WAGEGAP","TOT","PC_MENWAGE","A","1994",18.853945,
"POL","WAGEGAP","TOT","PC_MENWAGE","A","1995",20.104614,
"POL","WAGEGAP","TOT","PC_MENWAGE","A","1996",20.465694,
"POL","WAGEGAP","TOT","PC_MENWAGE","A","1997",18.568771,
"POL","WAGEGAP","TOT","PC_MENWAGE","A","1998",19.107622,
"POL","WAGEGAP","TOT","PC_MENWAGE","A","1999",17.55932,
"POL","WAGEGAP","TOT","PC_MENWAGE","A","2001",14.299743,
"POL","WAGEGAP","TOT","PC_MENWAGE","A","2002",11.315955,
"POL","WAGEGAP","TOT","PC_MENWAGE","A","2004",10.638849,
"POL","WAGEGAP","TOT","PC_MENWAGE","A","2006",11.44042,
"POL","WAGEGAP","TOT","PC_MENWAGE","A","2008",12.993822,
"POL","WAGEGAP","TOT","PC_MENWAGE","A","2010",7.190207,
"POL","WAGEGAP","TOT","PC_MENWAGE","A","2012",10.620155,
"POL","WAGEGAP","TOT","PC_MENWAGE","A","2014",11.072863,
"PRT","WAGEGAP","TOT","PC_MENWAGE","A","2004",13.030304,
"PRT","WAGEGAP","TOT","PC_MENWAGE","A","2005",15.966388,
"PRT","WAGEGAP","TOT","PC_MENWAGE","A","2006",14.354839,
"PRT","WAGEGAP","TOT","PC_MENWAGE","A","2007",15.27778,
"PRT","WAGEGAP","TOT","PC_MENWAGE","A","2008",15.635483,
"PRT","WAGEGAP","TOT","PC_MENWAGE","A","2009",13.7925,
"PRT","WAGEGAP","TOT","PC_MENWAGE","A","2010",13.450867,
"PRT","WAGEGAP","TOT","PC_MENWAGE","A","2011",15.248123,
"PRT","WAGEGAP","TOT","PC_MENWAGE","A","2012",16.315466,
"PRT","WAGEGAP","TOT","PC_MENWAGE","A","2013",16.666666,
"PRT","WAGEGAP","TOT","PC_MENWAGE","A","2014",18.879688,
"SVK","WAGEGAP","TOT","PC_MENWAGE","A","2002",20.355162,
"SVK","WAGEGAP","TOT","PC_MENWAGE","A","2003",20.689655,
"SVK","WAGEGAP","TOT","PC_MENWAGE","A","2004",20.883766,
"SVK","WAGEGAP","TOT","PC_MENWAGE","A","2005",20.099257,
"SVK","WAGEGAP","TOT","PC_MENWAGE","A","2006",17.802769,
"SVK","WAGEGAP","TOT","PC_MENWAGE","A","2007",17.521706,
"SVK","WAGEGAP","TOT","PC_MENWAGE","A","2008",16.444769,
"SVK","WAGEGAP","TOT","PC_MENWAGE","A","2009",16.432722,
"SVK","WAGEGAP","TOT","PC_MENWAGE","A","2010",14.851118,
"SVK","WAGEGAP","TOT","PC_MENWAGE","A","2011",15.449857,
"SVK","WAGEGAP","TOT","PC_MENWAGE","A","2012",15.965269,
"SVK","WAGEGAP","TOT","PC_MENWAGE","A","2013",14.10933,
"SVK","WAGEGAP","TOT","PC_MENWAGE","A","2014",14.350047,
"SVK","WAGEGAP","TOT","PC_MENWAGE","A","2015",13.376625,
"ESP","WAGEGAP","TOT","PC_MENWAGE","A","2004",12.570706,
"ESP","WAGEGAP","TOT","PC_MENWAGE","A","2005",12.5,
"ESP","WAGEGAP","TOT","PC_MENWAGE","A","2006",10.372225,
"ESP","WAGEGAP","TOT","PC_MENWAGE","A","2007",8.8893337,
"ESP","WAGEGAP","TOT","PC_MENWAGE","A","2008",11.797639,
"ESP","WAGEGAP","TOT","PC_MENWAGE","A","2009",7.3026009,
"ESP","WAGEGAP","TOT","PC_MENWAGE","A","2010",6.5850592,
"ESP","WAGEGAP","TOT","PC_MENWAGE","A","2011",8.2663479,
"ESP","WAGEGAP","TOT","PC_MENWAGE","A","2012",8.6476269,
"SWE","WAGEGAP","TOT","PC_MENWAGE","A","1975",18.269617,
"SWE","WAGEGAP","TOT","PC_MENWAGE","A","1978",16.553919,
"SWE","WAGEGAP","TOT","PC_MENWAGE","A","1980",12.765073,
"SWE","WAGEGAP","TOT","PC_MENWAGE","A","1981",15.202703,
"SWE","WAGEGAP","TOT","PC_MENWAGE","A","1982",13.591398,
"SWE","WAGEGAP","TOT","PC_MENWAGE","A","1983",14.532872,
"SWE","WAGEGAP","TOT","PC_MENWAGE","A","1984",15.86354,
"SWE","WAGEGAP","TOT","PC_MENWAGE","A","1985",16.680815,
"SWE","WAGEGAP","TOT","PC_MENWAGE","A","1986",15.080346,
"SWE","WAGEGAP","TOT","PC_MENWAGE","A","1987",14.660743,
"SWE","WAGEGAP","TOT","PC_MENWAGE","A","1988",17.522541,
"SWE","WAGEGAP","TOT","PC_MENWAGE","A","1989",19.572554,
"SWE","WAGEGAP","TOT","PC_MENWAGE","A","1990",19.037199,
"SWE","WAGEGAP","TOT","PC_MENWAGE","A","1991",19.277567,
"SWE","WAGEGAP","TOT","PC_MENWAGE","A","1992",19.042189,
"SWE","WAGEGAP","TOT","PC_MENWAGE","A","1993",18.747599,
"SWE","WAGEGAP","TOT","PC_MENWAGE","A","1994",17.230886,
"SWE","WAGEGAP","TOT","PC_MENWAGE","A","1995",18.776291,
"SWE","WAGEGAP","TOT","PC_MENWAGE","A","1996",16.385012,
"SWE","WAGEGAP","TOT","PC_MENWAGE","A","1997",16.725979,
"SWE","WAGEGAP","TOT","PC_MENWAGE","A","1998",16.958462,
"SWE","WAGEGAP","TOT","PC_MENWAGE","A","1999",16.845638,
"SWE","WAGEGAP","TOT","PC_MENWAGE","A","2000",15.495732,
"SWE","WAGEGAP","TOT","PC_MENWAGE","A","2001",16.591496,
"SWE","WAGEGAP","TOT","PC_MENWAGE","A","2002",15.857913,
"SWE","WAGEGAP","TOT","PC_MENWAGE","A","2003",16.005081,
"SWE","WAGEGAP","TOT","PC_MENWAGE","A","2004",15.320592,
"SWE","WAGEGAP","TOT","PC_MENWAGE","A","2005",14.444112,
"SWE","WAGEGAP","TOT","PC_MENWAGE","A","2006",14.589486,
"SWE","WAGEGAP","TOT","PC_MENWAGE","A","2007",16.363636,
"SWE","WAGEGAP","TOT","PC_MENWAGE","A","2008",15.389049,
"SWE","WAGEGAP","TOT","PC_MENWAGE","A","2009",14.917437,
"SWE","WAGEGAP","TOT","PC_MENWAGE","A","2010",14.32126,
"SWE","WAGEGAP","TOT","PC_MENWAGE","A","2011",15.934516,
"SWE","WAGEGAP","TOT","PC_MENWAGE","A","2012",15.13587,
"SWE","WAGEGAP","TOT","PC_MENWAGE","A","2013",13.420491,
"CHE","WAGEGAP","TOT","PC_MENWAGE","A","1996",25.47,
"CHE","WAGEGAP","TOT","PC_MENWAGE","A","1998",24.12,
"CHE","WAGEGAP","TOT","PC_MENWAGE","A","2000",23.79,
"CHE","WAGEGAP","TOT","PC_MENWAGE","A","2002",22.8,
"CHE","WAGEGAP","TOT","PC_MENWAGE","A","2004",22.01,
"CHE","WAGEGAP","TOT","PC_MENWAGE","A","2006",21.32,
"CHE","WAGEGAP","TOT","PC_MENWAGE","A","2008",21.31,
"CHE","WAGEGAP","TOT","PC_MENWAGE","A","2010",20.05,
"CHE","WAGEGAP","TOT","PC_MENWAGE","A","2012",19.34,
"CHE","WAGEGAP","TOT","PC_MENWAGE","A","2014",16.94,
"TUR","WAGEGAP","TOT","PC_MENWAGE","A","2010",20.064724,
"GBR","WAGEGAP","TOT","PC_MENWAGE","A","1970",47.578041,
"GBR","WAGEGAP","TOT","PC_MENWAGE","A","1971",45.527424,
"GBR","WAGEGAP","TOT","PC_MENWAGE","A","1972",45.677795,
"GBR","WAGEGAP","TOT","PC_MENWAGE","A","1973",46.378727,
"GBR","WAGEGAP","TOT","PC_MENWAGE","A","1974",44.422234,
"GBR","WAGEGAP","TOT","PC_MENWAGE","A","1975",39.855415,
"GBR","WAGEGAP","TOT","PC_MENWAGE","A","1976",36.550301,
"GBR","WAGEGAP","TOT","PC_MENWAGE","A","1977",35.788368,
"GBR","WAGEGAP","TOT","PC_MENWAGE","A","1978",37.474869,
"GBR","WAGEGAP","TOT","PC_MENWAGE","A","1979",38.295238,
"GBR","WAGEGAP","TOT","PC_MENWAGE","A","1980",36.688587,
"GBR","WAGEGAP","TOT","PC_MENWAGE","A","1981",35.426811,
"GBR","WAGEGAP","TOT","PC_MENWAGE","A","1982",35.659618,
"GBR","WAGEGAP","TOT","PC_MENWAGE","A","1983",34.567284,
"GBR","WAGEGAP","TOT","PC_MENWAGE","A","1984",35.081528,
"GBR","WAGEGAP","TOT","PC_MENWAGE","A","1985",35.120113,
"GBR","WAGEGAP","TOT","PC_MENWAGE","A","1986",34.938507,
"GBR","WAGEGAP","TOT","PC_MENWAGE","A","1987",34.512955,
"GBR","WAGEGAP","TOT","PC_MENWAGE","A","1988",34.045731,
"GBR","WAGEGAP","TOT","PC_MENWAGE","A","1989",33.730659,
"GBR","WAGEGAP","TOT","PC_MENWAGE","A","1990",32.744957,
"GBR","WAGEGAP","TOT","PC_MENWAGE","A","1991",31.075478,
"GBR","WAGEGAP","TOT","PC_MENWAGE","A","1992",29.94668,
"GBR","WAGEGAP","TOT","PC_MENWAGE","A","1993",28.719019,
"GBR","WAGEGAP","TOT","PC_MENWAGE","A","1994",28.079718,
"GBR","WAGEGAP","TOT","PC_MENWAGE","A","1995",28.192835,
"GBR","WAGEGAP","TOT","PC_MENWAGE","A","1996",27.21841,
"GBR","WAGEGAP","TOT","PC_MENWAGE","A","1997",26.919069,
"GBR","WAGEGAP","TOT","PC_MENWAGE","A","1998",27.035294,
"GBR","WAGEGAP","TOT","PC_MENWAGE","A","1999",26.089729,
"GBR","WAGEGAP","TOT","PC_MENWAGE","A","2000",26.280313,
"GBR","WAGEGAP","TOT","PC_MENWAGE","A","2001",25.639647,
"GBR","WAGEGAP","TOT","PC_MENWAGE","A","2002",24.379099,
"GBR","WAGEGAP","TOT","PC_MENWAGE","A","2003",24.124468,
"GBR","WAGEGAP","TOT","PC_MENWAGE","A","2004",23.358742,
"GBR","WAGEGAP","TOT","PC_MENWAGE","A","2005",22.063959,
"GBR","WAGEGAP","TOT","PC_MENWAGE","A","2006",21.718084,
"GBR","WAGEGAP","TOT","PC_MENWAGE","A","2007",21.634781,
"GBR","WAGEGAP","TOT","PC_MENWAGE","A","2008",21.857868,
"GBR","WAGEGAP","TOT","PC_MENWAGE","A","2009",20.686296,
"GBR","WAGEGAP","TOT","PC_MENWAGE","A","2010",19.231438,
"GBR","WAGEGAP","TOT","PC_MENWAGE","A","2011",18.246006,
"GBR","WAGEGAP","TOT","PC_MENWAGE","A","2012",17.783882,
"GBR","WAGEGAP","TOT","PC_MENWAGE","A","2013",17.482014,
"GBR","WAGEGAP","TOT","PC_MENWAGE","A","2014",17.382742,
"GBR","WAGEGAP","TOT","PC_MENWAGE","A","2015",16.925247,
"USA","WAGEGAP","TOT","PC_MENWAGE","A","1973",38.110405,
"USA","WAGEGAP","TOT","PC_MENWAGE","A","1974",39.100685,
"USA","WAGEGAP","TOT","PC_MENWAGE","A","1975",37.630032,
"USA","WAGEGAP","TOT","PC_MENWAGE","A","1976",37.755974,
"USA","WAGEGAP","TOT","PC_MENWAGE","A","1977",38.224854,
"USA","WAGEGAP","TOT","PC_MENWAGE","A","1978",38.972477,
"USA","WAGEGAP","TOT","PC_MENWAGE","A","1979",37.641949,
"USA","WAGEGAP","TOT","PC_MENWAGE","A","1980",36.552151,
"USA","WAGEGAP","TOT","PC_MENWAGE","A","1981",35.174,
"USA","WAGEGAP","TOT","PC_MENWAGE","A","1982",34.724091,
"USA","WAGEGAP","TOT","PC_MENWAGE","A","1983",34.286449,
"USA","WAGEGAP","TOT","PC_MENWAGE","A","1984",33.432171,
"USA","WAGEGAP","TOT","PC_MENWAGE","A","1985",32.978218,
"USA","WAGEGAP","TOT","PC_MENWAGE","A","1986",32.190216,
"USA","WAGEGAP","TOT","PC_MENWAGE","A","1987",31.022223,
"USA","WAGEGAP","TOT","PC_MENWAGE","A","1988",30.069174,
"USA","WAGEGAP","TOT","PC_MENWAGE","A","1989",29.363579,
"USA","WAGEGAP","TOT","PC_MENWAGE","A","1990",28.45545,
"USA","WAGEGAP","TOT","PC_MENWAGE","A","1991",26.571093,
"USA","WAGEGAP","TOT","PC_MENWAGE","A","1992",25.057737,
"USA","WAGEGAP","TOT","PC_MENWAGE","A","1993",23.876404,
"USA","WAGEGAP","TOT","PC_MENWAGE","A","1994",23.884514,
"USA","WAGEGAP","TOT","PC_MENWAGE","A","1995",24.579985,
"USA","WAGEGAP","TOT","PC_MENWAGE","A","1996",23.823948,
"USA","WAGEGAP","TOT","PC_MENWAGE","A","1997",23.786491,
"USA","WAGEGAP","TOT","PC_MENWAGE","A","1998",23.745819,
"USA","WAGEGAP","TOT","PC_MENWAGE","A","1999",23.462784,
"USA","WAGEGAP","TOT","PC_MENWAGE","A","2000",23.088924,
"USA","WAGEGAP","TOT","PC_MENWAGE","A","2001",23.58209,
"USA","WAGEGAP","TOT","PC_MENWAGE","A","2002",22.091311,
"USA","WAGEGAP","TOT","PC_MENWAGE","A","2003",20.575539,
"USA","WAGEGAP","TOT","PC_MENWAGE","A","2004",19.635344,
"USA","WAGEGAP","TOT","PC_MENWAGE","A","2005",18.975069,
"USA","WAGEGAP","TOT","PC_MENWAGE","A","2006",19.2463,
"USA","WAGEGAP","TOT","PC_MENWAGE","A","2007",19.843342,
"USA","WAGEGAP","TOT","PC_MENWAGE","A","2008",20.050125,
"USA","WAGEGAP","TOT","PC_MENWAGE","A","2009",19.78022,
"USA","WAGEGAP","TOT","PC_MENWAGE","A","2010",18.81068,
"USA","WAGEGAP","TOT","PC_MENWAGE","A","2011",17.788462,
"USA","WAGEGAP","TOT","PC_MENWAGE","A","2012",19.086651,
"USA","WAGEGAP","TOT","PC_MENWAGE","A","2013",17.906977,
"USA","WAGEGAP","TOT","PC_MENWAGE","A","2014",17.451206,
"USA","WAGEGAP","TOT","PC_MENWAGE","A","2015",18.882681,
"CHL","WAGEGAP","TOT","PC_MENWAGE","A","2006",3.9584157,
"CHL","WAGEGAP","TOT","PC_MENWAGE","A","2009",9.090909,
"CHL","WAGEGAP","TOT","PC_MENWAGE","A","2011",16,
"CHL","WAGEGAP","TOT","PC_MENWAGE","A","2013",16.666666,
"EST","WAGEGAP","TOT","PC_MENWAGE","A","2002",24.045801,
"EST","WAGEGAP","TOT","PC_MENWAGE","A","2006",28.121601,
"EST","WAGEGAP","TOT","PC_MENWAGE","A","2010",26.601547,
"ISR","WAGEGAP","TOT","PC_MENWAGE","A","2001",28.1035,
"ISR","WAGEGAP","TOT","PC_MENWAGE","A","2002",24.520096,
"ISR","WAGEGAP","TOT","PC_MENWAGE","A","2003",24.614925,
"ISR","WAGEGAP","TOT","PC_MENWAGE","A","2004",25.461952,
"ISR","WAGEGAP","TOT","PC_MENWAGE","A","2005",22.351538,
"ISR","WAGEGAP","TOT","PC_MENWAGE","A","2006",22.015915,
"ISR","WAGEGAP","TOT","PC_MENWAGE","A","2007",21.16065,
"ISR","WAGEGAP","TOT","PC_MENWAGE","A","2008",22.026011,
"ISR","WAGEGAP","TOT","PC_MENWAGE","A","2009",20.268637,
"ISR","WAGEGAP","TOT","PC_MENWAGE","A","2010",20.700092,
"ISR","WAGEGAP","TOT","PC_MENWAGE","A","2011",21.827412,
"SVN","WAGEGAP","TOT","PC_MENWAGE","A","2010",11.633663,
"MEX","WAGEGAP","TOT","PC_MENWAGE","A","2005",16.666666,
"MEX","WAGEGAP","TOT","PC_MENWAGE","A","2006",18.60465,
"MEX","WAGEGAP","TOT","PC_MENWAGE","A","2007",12.5,
"MEX","WAGEGAP","TOT","PC_MENWAGE","A","2008",22.222221,
"MEX","WAGEGAP","TOT","PC_MENWAGE","A","2009",16.666666,
"MEX","WAGEGAP","TOT","PC_MENWAGE","A","2010",11.627907,
"MEX","WAGEGAP","TOT","PC_MENWAGE","A","2011",10,
"MEX","WAGEGAP","TOT","PC_MENWAGE","A","2012",13.555555,
"MEX","WAGEGAP","TOT","PC_MENWAGE","A","2013",15.433404,
"MEX","WAGEGAP","TOT","PC_MENWAGE","A","2014",18.299999,
"MEX","WAGEGAP","TOT","PC_MENWAGE","A","2015",16.666666,
"LVA","WAGEGAP","TOT","PC_MENWAGE","A","2002",19.23077,
"LVA","WAGEGAP","TOT","PC_MENWAGE","A","2006",8.0851068,
"LVA","WAGEGAP","TOT","PC_MENWAGE","A","2010",13.333333,
"LTU","WAGEGAP","TOT","PC_MENWAGE","A","2002",13.0793,
"LTU","WAGEGAP","TOT","PC_MENWAGE","A","2006",14.234104,
"LTU","WAGEGAP","TOT","PC_MENWAGE","A","2010",6.9565215,
"AUT","WAGEGAP","SELFEMPLOYED","PC_MENWAGE","A","2003",51.79602268,
"AUT","WAGEGAP","SELFEMPLOYED","PC_MENWAGE","A","2004",49.96607774,
"AUT","WAGEGAP","SELFEMPLOYED","PC_MENWAGE","A","2005",49.89719336,
"AUT","WAGEGAP","SELFEMPLOYED","PC_MENWAGE","A","2006",47.26453792,
"AUT","WAGEGAP","SELFEMPLOYED","PC_MENWAGE","A","2007",48.46805041,
"AUT","WAGEGAP","SELFEMPLOYED","PC_MENWAGE","A","2008",48.60410006,
"AUT","WAGEGAP","SELFEMPLOYED","PC_MENWAGE","A","2009",46.53011464,
"AUT","WAGEGAP","SELFEMPLOYED","PC_MENWAGE","A","2010",45.36215822,
"AUT","WAGEGAP","SELFEMPLOYED","PC_MENWAGE","A","2011",44.05811876,
"AUT","WAGEGAP","SELFEMPLOYED","PC_MENWAGE","A","2012",45.36815983,
"BEL","WAGEGAP","SELFEMPLOYED","PC_MENWAGE","A","2003",42.5675895,
"BEL","WAGEGAP","SELFEMPLOYED","PC_MENWAGE","A","2004",44.53977625,
"BEL","WAGEGAP","SELFEMPLOYED","PC_MENWAGE","A","2005",46.87301087,
"BEL","WAGEGAP","SELFEMPLOYED","PC_MENWAGE","A","2006",45.03698723,
"BEL","WAGEGAP","SELFEMPLOYED","PC_MENWAGE","A","2007",41.82096185,
"BEL","WAGEGAP","SELFEMPLOYED","PC_MENWAGE","A","2008",35.68278956,
"BEL","WAGEGAP","SELFEMPLOYED","PC_MENWAGE","A","2009",32.34275215,
"BEL","WAGEGAP","SELFEMPLOYED","PC_MENWAGE","A","2010",30.24335563,
"BEL","WAGEGAP","SELFEMPLOYED","PC_MENWAGE","A","2011",32.93944622,
"BEL","WAGEGAP","SELFEMPLOYED","PC_MENWAGE","A","2012",33.49684085,
"CAN","WAGEGAP","SELFEMPLOYED","PC_MENWAGE","A","2003",32.65165,
"CAN","WAGEGAP","SELFEMPLOYED","PC_MENWAGE","A","2004",33.70625,
"CAN","WAGEGAP","SELFEMPLOYED","PC_MENWAGE","A","2005",35.94587,
"CAN","WAGEGAP","SELFEMPLOYED","PC_MENWAGE","A","2006",36.8143,
"CAN","WAGEGAP","SELFEMPLOYED","PC_MENWAGE","A","2007",38.01716,
"CAN","WAGEGAP","SELFEMPLOYED","PC_MENWAGE","A","2008",38.73388,
"CAN","WAGEGAP","SELFEMPLOYED","PC_MENWAGE","A","2009",37.17995,
"CAN","WAGEGAP","SELFEMPLOYED","PC_MENWAGE","A","2010",38.96919,
"CAN","WAGEGAP","SELFEMPLOYED","PC_MENWAGE","A","2011",36.63381857,
"CAN","WAGEGAP","SELFEMPLOYED","PC_MENWAGE","A","2012",36.61844755,
"CAN","WAGEGAP","SELFEMPLOYED","PC_MENWAGE","A","2013",35.29755132,
"CZE","WAGEGAP","SELFEMPLOYED","PC_MENWAGE","A","2004",32.0464184,
"CZE","WAGEGAP","SELFEMPLOYED","PC_MENWAGE","A","2005",30.81534391,
"CZE","WAGEGAP","SELFEMPLOYED","PC_MENWAGE","A","2006",28.94941412,
"CZE","WAGEGAP","SELFEMPLOYED","PC_MENWAGE","A","2007",29.35613378,
"CZE","WAGEGAP","SELFEMPLOYED","PC_MENWAGE","A","2008",29.20800835,
"CZE","WAGEGAP","SELFEMPLOYED","PC_MENWAGE","A","2009",29.65451098,
"CZE","WAGEGAP","SELFEMPLOYED","PC_MENWAGE","A","2010",29.79796172,
"CZE","WAGEGAP","SELFEMPLOYED","PC_MENWAGE","A","2011",31.07323228,
"CZE","WAGEGAP","SELFEMPLOYED","PC_MENWAGE","A","2012",32.30413537,
"DNK","WAGEGAP","SELFEMPLOYED","PC_MENWAGE","A","2003",9.217214746,
"DNK","WAGEGAP","SELFEMPLOYED","PC_MENWAGE","A","2004",6.21395134,
"DNK","WAGEGAP","SELFEMPLOYED","PC_MENWAGE","A","2005",12.36758434,
"DNK","WAGEGAP","SELFEMPLOYED","PC_MENWAGE","A","2006",12.00833273,
"DNK","WAGEGAP","SELFEMPLOYED","PC_MENWAGE","A","2007",17.15911081,
"DNK","WAGEGAP","SELFEMPLOYED","PC_MENWAGE","A","2008",11.08508809,
"DNK","WAGEGAP","SELFEMPLOYED","PC_MENWAGE","A","2009",16.1093247,
"DNK","WAGEGAP","SELFEMPLOYED","PC_MENWAGE","A","2010",17.46692327,
"DNK","WAGEGAP","SELFEMPLOYED","PC_MENWAGE","A","2011",23.65456024,
"DNK","WAGEGAP","SELFEMPLOYED","PC_MENWAGE","A","2012",16.03725497,
"FIN","WAGEGAP","SELFEMPLOYED","PC_MENWAGE","A","2003",32.75015913,
"FIN","WAGEGAP","SELFEMPLOYED","PC_MENWAGE","A","2004",35.39674059,
"FIN","WAGEGAP","SELFEMPLOYED","PC_MENWAGE","A","2005",41.99132206,
"FIN","WAGEGAP","SELFEMPLOYED","PC_MENWAGE","A","2006",39.51994018,
"FIN","WAGEGAP","SELFEMPLOYED","PC_MENWAGE","A","2007",39.91036211,
"FIN","WAGEGAP","SELFEMPLOYED","PC_MENWAGE","A","2008",36.90219653,
"FIN","WAGEGAP","SELFEMPLOYED","PC_MENWAGE","A","2009",35.94008888,
"FIN","WAGEGAP","SELFEMPLOYED","PC_MENWAGE","A","2010",33.25018945,
"FIN","WAGEGAP","SELFEMPLOYED","PC_MENWAGE","A","2011",34.80308234,
"FIN","WAGEGAP","SELFEMPLOYED","PC_MENWAGE","A","2012",35.87558032,
"FRA","WAGEGAP","SELFEMPLOYED","PC_MENWAGE","A","2003",37.42921105,
"FRA","WAGEGAP","SELFEMPLOYED","PC_MENWAGE","A","2004",33.92563555,
"FRA","WAGEGAP","SELFEMPLOYED","PC_MENWAGE","A","2005",31.85082266,
"FRA","WAGEGAP","SELFEMPLOYED","PC_MENWAGE","A","2006",32.9347973,
"FRA","WAGEGAP","SELFEMPLOYED","PC_MENWAGE","A","2007",36.22705511,
"FRA","WAGEGAP","SELFEMPLOYED","PC_MENWAGE","A","2008",35.96268102,
"FRA","WAGEGAP","SELFEMPLOYED","PC_MENWAGE","A","2009",31.63295636,
"FRA","WAGEGAP","SELFEMPLOYED","PC_MENWAGE","A","2010",29.94970791,
"FRA","WAGEGAP","SELFEMPLOYED","PC_MENWAGE","A","2011",30.44014333,
"FRA","WAGEGAP","SELFEMPLOYED","PC_MENWAGE","A","2012",31.38424186,
"DEU","WAGEGAP","SELFEMPLOYED","PC_MENWAGE","A","2004",45.44560375,
"DEU","WAGEGAP","SELFEMPLOYED","PC_MENWAGE","A","2005",44.65533505,
"DEU","WAGEGAP","SELFEMPLOYED","PC_MENWAGE","A","2006",43.40025806,
"DEU","WAGEGAP","SELFEMPLOYED","PC_MENWAGE","A","2007",40.48329219,
"DEU","WAGEGAP","SELFEMPLOYED","PC_MENWAGE","A","2008",39.66353099,
"DEU","WAGEGAP","SELFEMPLOYED","PC_MENWAGE","A","2009",39.00601796,
"DEU","WAGEGAP","SELFEMPLOYED","PC_MENWAGE","A","2010",42.64869735,
"DEU","WAGEGAP","SELFEMPLOYED","PC_MENWAGE","A","2011",42.9726328,
"GRC","WAGEGAP","SELFEMPLOYED","PC_MENWAGE","A","2006",39.18744992,
"GRC","WAGEGAP","SELFEMPLOYED","PC_MENWAGE","A","2007",38.11276571,
"GRC","WAGEGAP","SELFEMPLOYED","PC_MENWAGE","A","2008",42.14682459,
"GRC","WAGEGAP","SELFEMPLOYED","PC_MENWAGE","A","2009",44.00846537,
"GRC","WAGEGAP","SELFEMPLOYED","PC_MENWAGE","A","2010",46.31139812,
"GRC","WAGEGAP","SELFEMPLOYED","PC_MENWAGE","A","2011",42.38516592,
"HUN","WAGEGAP","SELFEMPLOYED","PC_MENWAGE","A","2004",29.2865498,
"HUN","WAGEGAP","SELFEMPLOYED","PC_MENWAGE","A","2005",26.68619931,
"HUN","WAGEGAP","SELFEMPLOYED","PC_MENWAGE","A","2006",26.58702432,
"HUN","WAGEGAP","SELFEMPLOYED","PC_MENWAGE","A","2007",23.90536345,
"HUN","WAGEGAP","SELFEMPLOYED","PC_MENWAGE","A","2008",27.65795042,
"HUN","WAGEGAP","SELFEMPLOYED","PC_MENWAGE","A","2009",32.13243586,
"HUN","WAGEGAP","SELFEMPLOYED","PC_MENWAGE","A","2010",34.46657189,
"HUN","WAGEGAP","SELFEMPLOYED","PC_MENWAGE","A","2011",32.55421026,
"HUN","WAGEGAP","SELFEMPLOYED","PC_MENWAGE","A","2012",31.38773253,
"ISL","WAGEGAP","SELFEMPLOYED","PC_MENWAGE","A","2003",44.34154194,
"ISL","WAGEGAP","SELFEMPLOYED","PC_MENWAGE","A","2004",40.79682408,
"ISL","WAGEGAP","SELFEMPLOYED","PC_MENWAGE","A","2005",34.34326261,
"ISL","WAGEGAP","SELFEMPLOYED","PC_MENWAGE","A","2006",28.2817486,
"ISL","WAGEGAP","SELFEMPLOYED","PC_MENWAGE","A","2007",24.90111679,
"ISL","WAGEGAP","SELFEMPLOYED","PC_MENWAGE","A","2008",20.50067541,
"ISL","WAGEGAP","SELFEMPLOYED","PC_MENWAGE","A","2009",15.90236775,
"ISL","WAGEGAP","SELFEMPLOYED","PC_MENWAGE","A","2010",11.35181234,
"ISL","WAGEGAP","SELFEMPLOYED","PC_MENWAGE","A","2011",17.47072312,
"ISL","WAGEGAP","SELFEMPLOYED","PC_MENWAGE","A","2012",19.39022618,
"IRL","WAGEGAP","SELFEMPLOYED","PC_MENWAGE","A","2003",25.48211955,
"IRL","WAGEGAP","SELFEMPLOYED","PC_MENWAGE","A","2004",28.41180614,
"IRL","WAGEGAP","SELFEMPLOYED","PC_MENWAGE","A","2005",28.56875109,
"IRL","WAGEGAP","SELFEMPLOYED","PC_MENWAGE","A","2006",33.64665563,
"IRL","WAGEGAP","SELFEMPLOYED","PC_MENWAGE","A","2007",29.9994706,
"IRL","WAGEGAP","SELFEMPLOYED","PC_MENWAGE","A","2008",26.54109015,
"IRL","WAGEGAP","SELFEMPLOYED","PC_MENWAGE","A","2009",19.36637809,
"IRL","WAGEGAP","SELFEMPLOYED","PC_MENWAGE","A","2010",21.43105037,
"IRL","WAGEGAP","SELFEMPLOYED","PC_MENWAGE","A","2011",23.74649501,
"IRL","WAGEGAP","SELFEMPLOYED","PC_MENWAGE","A","2012",25.63796371,
"ITA","WAGEGAP","SELFEMPLOYED","PC_MENWAGE","A","2006",48.01537345,
"ITA","WAGEGAP","SELFEMPLOYED","PC_MENWAGE","A","2007",48.11110317,
"ITA","WAGEGAP","SELFEMPLOYED","PC_MENWAGE","A","2008",46.70810708,
"ITA","WAGEGAP","SELFEMPLOYED","PC_MENWAGE","A","2009",49.46836166,
"ITA","WAGEGAP","SELFEMPLOYED","PC_MENWAGE","A","2010",52.69918598,
"ITA","WAGEGAP","SELFEMPLOYED","PC_MENWAGE","A","2011",55.529672,
"ITA","WAGEGAP","SELFEMPLOYED","PC_MENWAGE","A","2012",55.41043169,
"LUX","WAGEGAP","SELFEMPLOYED","PC_MENWAGE","A","2003",46.46174867,
"LUX","WAGEGAP","SELFEMPLOYED","PC_MENWAGE","A","2004",45.35271122,
"LUX","WAGEGAP","SELFEMPLOYED","PC_MENWAGE","A","2005",37.06575587,
"LUX","WAGEGAP","SELFEMPLOYED","PC_MENWAGE","A","2006",42.7744672,
"LUX","WAGEGAP","SELFEMPLOYED","PC_MENWAGE","A","2007",45.74539292,
"LUX","WAGEGAP","SELFEMPLOYED","PC_MENWAGE","A","2008",44.47560006,
"LUX","WAGEGAP","SELFEMPLOYED","PC_MENWAGE","A","2009",36.78249078,
"LUX","WAGEGAP","SELFEMPLOYED","PC_MENWAGE","A","2010",25.90634013,
"LUX","WAGEGAP","SELFEMPLOYED","PC_MENWAGE","A","2011",22.90960483,
"LUX","WAGEGAP","SELFEMPLOYED","PC_MENWAGE","A","2012",20.53765846,
"MEX","WAGEGAP","SELFEMPLOYED","PC_MENWAGE","A","2005",51.14848536,
"MEX","WAGEGAP","SELFEMPLOYED","PC_MENWAGE","A","2006",53.7073333,
"MEX","WAGEGAP","SELFEMPLOYED","PC_MENWAGE","A","2007",46.11365496,
"MEX","WAGEGAP","SELFEMPLOYED","PC_MENWAGE","A","2008",43.91455654,
"MEX","WAGEGAP","SELFEMPLOYED","PC_MENWAGE","A","2009",43.0036832,
"MEX","WAGEGAP","SELFEMPLOYED","PC_MENWAGE","A","2010",46.48017934,
"MEX","WAGEGAP","SELFEMPLOYED","PC_MENWAGE","A","2011",46.60981687,
"MEX","WAGEGAP","SELFEMPLOYED","PC_MENWAGE","A","2012",47.21899282,
"MEX","WAGEGAP","SELFEMPLOYED","PC_MENWAGE","A","2013",47.5938227,
"NLD","WAGEGAP","SELFEMPLOYED","PC_MENWAGE","A","2004",37.01441901,
"NLD","WAGEGAP","SELFEMPLOYED","PC_MENWAGE","A","2005",38.55967095,
"NLD","WAGEGAP","SELFEMPLOYED","PC_MENWAGE","A","2006",42.26968524,
"NLD","WAGEGAP","SELFEMPLOYED","PC_MENWAGE","A","2007",44.16866593,
"NLD","WAGEGAP","SELFEMPLOYED","PC_MENWAGE","A","2008",41.46991203,
"NLD","WAGEGAP","SELFEMPLOYED","PC_MENWAGE","A","2009",35.0529637,
"NLD","WAGEGAP","SELFEMPLOYED","PC_MENWAGE","A","2010",30.31410359,
"NLD","WAGEGAP","SELFEMPLOYED","PC_MENWAGE","A","2011",27.78578462,
"NLD","WAGEGAP","SELFEMPLOYED","PC_MENWAGE","A","2012",28.36369322,
"NZL","WAGEGAP","SELFEMPLOYED","PC_MENWAGE","A","2003",29.39921891,
"NZL","WAGEGAP","SELFEMPLOYED","PC_MENWAGE","A","2004",32.85331465,
"NZL","WAGEGAP","SELFEMPLOYED","PC_MENWAGE","A","2005",34.96927179,
"NZL","WAGEGAP","SELFEMPLOYED","PC_MENWAGE","A","2006",33.73505953,
"NZL","WAGEGAP","SELFEMPLOYED","PC_MENWAGE","A","2007",36.14704132,
"NZL","WAGEGAP","SELFEMPLOYED","PC_MENWAGE","A","2008",34.7755928,
"NZL","WAGEGAP","SELFEMPLOYED","PC_MENWAGE","A","2009",35.37061424,
"NZL","WAGEGAP","SELFEMPLOYED","PC_MENWAGE","A","2010",34.47785064,
"NZL","WAGEGAP","SELFEMPLOYED","PC_MENWAGE","A","2011",32.89286493,
"NZL","WAGEGAP","SELFEMPLOYED","PC_MENWAGE","A","2012",31.17962662,
"NZL","WAGEGAP","SELFEMPLOYED","PC_MENWAGE","A","2013",30.86295354,
"NOR","WAGEGAP","SELFEMPLOYED","PC_MENWAGE","A","2003",32.32258455,
"NOR","WAGEGAP","SELFEMPLOYED","PC_MENWAGE","A","2004",32.48557343,
"NOR","WAGEGAP","SELFEMPLOYED","PC_MENWAGE","A","2005",30.87851707,
"NOR","WAGEGAP","SELFEMPLOYED","PC_MENWAGE","A","2006",27.91964301,
"NOR","WAGEGAP","SELFEMPLOYED","PC_MENWAGE","A","2007",26.3600797,
"NOR","WAGEGAP","SELFEMPLOYED","PC_MENWAGE","A","2008",28.09613403,
"NOR","WAGEGAP","SELFEMPLOYED","PC_MENWAGE","A","2009",28.10397795,
"NOR","WAGEGAP","SELFEMPLOYED","PC_MENWAGE","A","2010",26.65662606,
"NOR","WAGEGAP","SELFEMPLOYED","PC_MENWAGE","A","2011",25.35113615,
"NOR","WAGEGAP","SELFEMPLOYED","PC_MENWAGE","A","2012",25.44876069,
"POL","WAGEGAP","SELFEMPLOYED","PC_MENWAGE","A","2004",53.69145016,
"POL","WAGEGAP","SELFEMPLOYED","PC_MENWAGE","A","2005",54.65533638,
"POL","WAGEGAP","SELFEMPLOYED","PC_MENWAGE","A","2006",53.15017104,
"POL","WAGEGAP","SELFEMPLOYED","PC_MENWAGE","A","2007",56.82786251,
"POL","WAGEGAP","SELFEMPLOYED","PC_MENWAGE","A","2008",58.06635648,
"POL","WAGEGAP","SELFEMPLOYED","PC_MENWAGE","A","2009",61.63500245,
"POL","WAGEGAP","SELFEMPLOYED","PC_MENWAGE","A","2010",61.6319107,
"POL","WAGEGAP","SELFEMPLOYED","PC_MENWAGE","A","2011",61.92813305,
"POL","WAGEGAP","SELFEMPLOYED","PC_MENWAGE","A","2012",61.83429884,
"PRT","WAGEGAP","SELFEMPLOYED","PC_MENWAGE","A","2006",62.25011998,
"PRT","WAGEGAP","SELFEMPLOYED","PC_MENWAGE","A","2007",60.92239684,
"PRT","WAGEGAP","SELFEMPLOYED","PC_MENWAGE","A","2008",60.39190563,
"PRT","WAGEGAP","SELFEMPLOYED","PC_MENWAGE","A","2009",58.39019692,
"PRT","WAGEGAP","SELFEMPLOYED","PC_MENWAGE","A","2010",59.24471813,
"PRT","WAGEGAP","SELFEMPLOYED","PC_MENWAGE","A","2011",58.6957317,
"PRT","WAGEGAP","SELFEMPLOYED","PC_MENWAGE","A","2012",59.61629368,
"SVK","WAGEGAP","SELFEMPLOYED","PC_MENWAGE","A","2004",21.46561591,
"SVK","WAGEGAP","SELFEMPLOYED","PC_MENWAGE","A","2005",19.86986631,
"SVK","WAGEGAP","SELFEMPLOYED","PC_MENWAGE","A","2006",23.73948365,
"SVK","WAGEGAP","SELFEMPLOYED","PC_MENWAGE","A","2007",26.85340828,
"SVK","WAGEGAP","SELFEMPLOYED","PC_MENWAGE","A","2008",29.88481169,
"SVK","WAGEGAP","SELFEMPLOYED","PC_MENWAGE","A","2009",31.57911587,
"SVK","WAGEGAP","SELFEMPLOYED","PC_MENWAGE","A","2010",30.92767276,
"SVK","WAGEGAP","SELFEMPLOYED","PC_MENWAGE","A","2011",32.20732065,
"SVK","WAGEGAP","SELFEMPLOYED","PC_MENWAGE","A","2012",31.30545096,
"ESP","WAGEGAP","SELFEMPLOYED","PC_MENWAGE","A","2005",38.98350088,
"ESP","WAGEGAP","SELFEMPLOYED","PC_MENWAGE","A","2006",37.54260759,
"ESP","WAGEGAP","SELFEMPLOYED","PC_MENWAGE","A","2007",36.20565148,
"ESP","WAGEGAP","SELFEMPLOYED","PC_MENWAGE","A","2008",31.65397301,
"ESP","WAGEGAP","SELFEMPLOYED","PC_MENWAGE","A","2009",29.97128148,
"ESP","WAGEGAP","SELFEMPLOYED","PC_MENWAGE","A","2010",24.73823566,
"ESP","WAGEGAP","SELFEMPLOYED","PC_MENWAGE","A","2011",23.4889492,
"ESP","WAGEGAP","SELFEMPLOYED","PC_MENWAGE","A","2012",20.16619507,
"SWE","WAGEGAP","SELFEMPLOYED","PC_MENWAGE","A","2003",5.566273818,
"SWE","WAGEGAP","SELFEMPLOYED","PC_MENWAGE","A","2004",13.16923535,
"SWE","WAGEGAP","SELFEMPLOYED","PC_MENWAGE","A","2005",18.0811375,
"SWE","WAGEGAP","SELFEMPLOYED","PC_MENWAGE","A","2006",19.74643464,
"SWE","WAGEGAP","SELFEMPLOYED","PC_MENWAGE","A","2007",12.05308316,
"SWE","WAGEGAP","SELFEMPLOYED","PC_MENWAGE","A","2008",9.974877704,
"SWE","WAGEGAP","SELFEMPLOYED","PC_MENWAGE","A","2009",15.58998178,
"SWE","WAGEGAP","SELFEMPLOYED","PC_MENWAGE","A","2010",17.9980841,
"SWE","WAGEGAP","SELFEMPLOYED","PC_MENWAGE","A","2011",17.935426,
"SWE","WAGEGAP","SELFEMPLOYED","PC_MENWAGE","A","2012",17.3213353,
"CHE","WAGEGAP","SELFEMPLOYED","PC_MENWAGE","A","2007",58.17344161,
"CHE","WAGEGAP","SELFEMPLOYED","PC_MENWAGE","A","2008",56.09235854,
"CHE","WAGEGAP","SELFEMPLOYED","PC_MENWAGE","A","2009",51.42194515,
"CHE","WAGEGAP","SELFEMPLOYED","PC_MENWAGE","A","2010",50.67003169,
"CHE","WAGEGAP","SELFEMPLOYED","PC_MENWAGE","A","2011",49.34986294,
"CHE","WAGEGAP","SELFEMPLOYED","PC_MENWAGE","A","2012",51.11074586,
"GBR","WAGEGAP","SELFEMPLOYED","PC_MENWAGE","A","2004",46.03620014,
"GBR","WAGEGAP","SELFEMPLOYED","PC_MENWAGE","A","2005",44.91969299,
"GBR","WAGEGAP","SELFEMPLOYED","PC_MENWAGE","A","2006",43.58445389,
"GBR","WAGEGAP","SELFEMPLOYED","PC_MENWAGE","A","2007",39.92859015,
"GBR","WAGEGAP","SELFEMPLOYED","PC_MENWAGE","A","2008",38.44080643,
"GBR","WAGEGAP","SELFEMPLOYED","PC_MENWAGE","A","2009",38.21544281,
"GBR","WAGEGAP","SELFEMPLOYED","PC_MENWAGE","A","2010",40.42115736,
"GBR","WAGEGAP","SELFEMPLOYED","PC_MENWAGE","A","2011",39.59992317,
"GBR","WAGEGAP","SELFEMPLOYED","PC_MENWAGE","A","2012",39.0329938,
"USA","WAGEGAP","SELFEMPLOYED","PC_MENWAGE","A","2005",46.91123045,
"USA","WAGEGAP","SELFEMPLOYED","PC_MENWAGE","A","2006",46.34438512,
"USA","WAGEGAP","SELFEMPLOYED","PC_MENWAGE","A","2007",45.7191524,
"USA","WAGEGAP","SELFEMPLOYED","PC_MENWAGE","A","2008",45.04987709,
"USA","WAGEGAP","SELFEMPLOYED","PC_MENWAGE","A","2009",44.47856499,
"USA","WAGEGAP","SELFEMPLOYED","PC_MENWAGE","A","2010",42.61617351,
"USA","WAGEGAP","SELFEMPLOYED","PC_MENWAGE","A","2011",42.95103326,
"USA","WAGEGAP","SELFEMPLOYED","PC_MENWAGE","A","2012",43.32180989,
"USA","WAGEGAP","SELFEMPLOYED","PC_MENWAGE","A","2013",43.9527052,
"EST","WAGEGAP","SELFEMPLOYED","PC_MENWAGE","A","2003",18.58316646,
"EST","WAGEGAP","SELFEMPLOYED","PC_MENWAGE","A","2004",14.18298179,
"EST","WAGEGAP","SELFEMPLOYED","PC_MENWAGE","A","2005",9.082829053,
"EST","WAGEGAP","SELFEMPLOYED","PC_MENWAGE","A","2006",2.404143613,
"EST","WAGEGAP","SELFEMPLOYED","PC_MENWAGE","A","2007",-7.364853464,
"EST","WAGEGAP","SELFEMPLOYED","PC_MENWAGE","A","2008",-23.14299979,
"EST","WAGEGAP","SELFEMPLOYED","PC_MENWAGE","A","2009",-28.11711358,
"EST","WAGEGAP","SELFEMPLOYED","PC_MENWAGE","A","2010",-30.3799667,
"EST","WAGEGAP","SELFEMPLOYED","PC_MENWAGE","A","2011",-25.50545519,
"EST","WAGEGAP","SELFEMPLOYED","PC_MENWAGE","A","2012",-28.90340999,
"RUS","WAGEGAP","SELFEMPLOYED","PC_MENWAGE","A","2012",34.96732671,
"SVN","WAGEGAP","SELFEMPLOYED","PC_MENWAGE","A","2004",28.55167328,
"SVN","WAGEGAP","SELFEMPLOYED","PC_MENWAGE","A","2005",29.83193044,
"SVN","WAGEGAP","SELFEMPLOYED","PC_MENWAGE","A","2006",29.04447943,
"SVN","WAGEGAP","SELFEMPLOYED","PC_MENWAGE","A","2007",28.61246966,
"SVN","WAGEGAP","SELFEMPLOYED","PC_MENWAGE","A","2008",27.70612815,
"SVN","WAGEGAP","SELFEMPLOYED","PC_MENWAGE","A","2009",29.53689865,
"SVN","WAGEGAP","SELFEMPLOYED","PC_MENWAGE","A","2010",32.83021325,
"SVN","WAGEGAP","SELFEMPLOYED","PC_MENWAGE","A","2011",33.93263857,
"SVN","WAGEGAP","SELFEMPLOYED","PC_MENWAGE","A","2012",33.21211476,
"OAVG","WAGEGAP","SELFEMPLOYED","PC_MENWAGE","A","2006",36.29108469,
"OAVG","WAGEGAP","SELFEMPLOYED","PC_MENWAGE","A","2007",36.17635655,
"OAVG","WAGEGAP","SELFEMPLOYED","PC_MENWAGE","A","2008",34.50881474,
"OAVG","WAGEGAP","SELFEMPLOYED","PC_MENWAGE","A","2009",33.58174181,
"OAVG","WAGEGAP","SELFEMPLOYED","PC_MENWAGE","A","2010",33.16005473,
"OAVG","WAGEGAP","SELFEMPLOYED","PC_MENWAGE","A","2011",33.51407399,
"OAVG","WAGEGAP","SELFEMPLOYED","PC_MENWAGE","A","2012",32.44913749,
